%time,field.header.seq,field.header.stamp,field.header.frame_id
1780310971528065779,281,1780310971446661814,
1780310971648679160,282,1780310971648256492,
1780310971849227976,283,1780310971846659051,
1780310972047109583,284,1780310972046669519,
1780310972246957026,285,1780310972246656653,
1780310972446942233,286,1780310972446665558,
1780310972647245104,287,1780310972646729778,
1780310972847200102,288,1780310972846695505,
1780310973047400940,289,1780310973046667482,
1780310973247243122,290,1780310973246693159,
1780310973447024469,291,1780310973446664771,
1780310973647105199,292,1780310973646654353,
1780310973847124730,293,1780310973846726385,
1780310974048467630,294,1780310974048075328,
1780310974246942327,295,1780310974246620703,
1780310974446983629,296,1780310974446660651,
1780310974648204443,297,1780310974646666796,
1780310974851696465,298,1780310974846737682,
1780310975046981021,299,1780310975046654554,
1780310975248392101,300,1780310975247974485,
1780310975447019822,301,1780310975446655281,
1780310975647179773,302,1780310975646698666,
1780310975848805807,303,1780310975848227509,
1780310976047097165,304,1780310976046753405,
1780310976248621893,305,1780310976246730487,
1780310976447286178,306,1780310976446766164,
1780310976647520454,307,1780310976646980283,
1780310976847211226,308,1780310976846845539,
1780310977048726839,309,1780310977046664178,
1780310977246952050,310,1780310977246637197,
1780310977447255755,311,1780310977446682822,
1780310977647064499,312,1780310977646660425,
1780310977847191063,313,1780310977846667091,
1780310978047074444,314,1780310978046729852,
1780310978246970534,315,1780310978246657974,
1780310978447833994,316,1780310978446990013,
1780310978647536485,317,1780310978646738286,
1780310978846957926,318,1780310978846657606,
1780310979047036365,319,1780310979046683282,
1780310979246978289,320,1780310979246672135,
1780310979446954017,321,1780310979446649894,
1780310979647510437,322,1780310979646659997,
1780310979847129748,323,1780310979846662861,
1780310980047085319,324,1780310980046671974,
1780310980247082609,325,1780310980246668640,
1780310980447034847,326,1780310980446657857,
1780310980647145578,327,1780310980646692909,
1780310980847235787,328,1780310980846783431,
1780310981048615564,329,1780310981046696344,
1780310981247064739,330,1780310981246669520,
1780310981352662236,331,1780310981351559654,,1780310981351038494,/move_base-1-1780310981.351038494,1,This goal has been accepted by the simple action server
1780310981447048018,332,1780310981446676967,,1780310981351038494,/move_base-1-1780310981.351038494,1,This goal has been accepted by the simple action server
1780310981647100102,333,1780310981646655194,,1780310981351038494,/move_base-1-1780310981.351038494,1,This goal has been accepted by the simple action server
1780310981847000567,334,1780310981846664516,,1780310981351038494,/move_base-1-1780310981.351038494,1,This goal has been accepted by the simple action server
1780310982048832752,335,1780310982046745455,,1780310981351038494,/move_base-1-1780310981.351038494,1,This goal has been accepted by the simple action server
1780310982246964210,336,1780310982246645034,,1780310981351038494,/move_base-1-1780310981.351038494,1,This goal has been accepted by the simple action server
1780310982446957385,337,1780310982446656908,,1780310981351038494,/move_base-1-1780310981.351038494,1,This goal has been accepted by the simple action server
1780310982647557765,338,1780310982646676335,,1780310981351038494,/move_base-1-1780310981.351038494,1,This goal has been accepted by the simple action server
1780310982847052802,339,1780310982846678730,,1780310981351038494,/move_base-1-1780310981.351038494,1,This goal has been accepted by the simple action server
1780310983047034207,340,1780310983046653103,,1780310981351038494,/move_base-1-1780310981.351038494,1,This goal has been accepted by the simple action server
1780310983246964985,341,1780310983246656800,,1780310981351038494,/move_base-1-1780310981.351038494,1,This goal has been accepted by the simple action server
1780310983447232179,342,1780310983446672059,,1780310981351038494,/move_base-1-1780310981.351038494,1,This goal has been accepted by the simple action server
1780310983646958108,343,1780310983646641849,,1780310981351038494,/move_base-1-1780310981.351038494,1,This goal has been accepted by the simple action server
1780310983848267987,344,1780310983846668255,,1780310981351038494,/move_base-1-1780310981.351038494,1,This goal has been accepted by the simple action server
1780310984047110297,345,1780310984046682994,,1780310981351038494,/move_base-1-1780310981.351038494,1,This goal has been accepted by the simple action server
1780310984247055816,346,1780310984246676638,,1780310981351038494,/move_base-1-1780310981.351038494,1,This goal has been accepted by the simple action server
1780310984447819377,347,1780310984447476972,,1780310981351038494,/move_base-1-1780310981.351038494,1,This goal has been accepted by the simple action server
1780310984648425330,348,1780310984648003287,,1780310981351038494,/move_base-1-1780310981.351038494,1,This goal has been accepted by the simple action server
1780310984847025447,349,1780310984846673093,,1780310981351038494,/move_base-1-1780310981.351038494,1,This goal has been accepted by the simple action server
1780310985047026696,350,1780310985046672519,,1780310981351038494,/move_base-1-1780310981.351038494,1,This goal has been accepted by the simple action server
1780310985247040445,351,1780310985246675799,,1780310981351038494,/move_base-1-1780310981.351038494,1,This goal has been accepted by the simple action server
1780310985447071799,352,1780310985446664496,,1780310981351038494,/move_base-1-1780310981.351038494,1,This goal has been accepted by the simple action server
1780310985647178415,353,1780310985646663089,,1780310981351038494,/move_base-1-1780310981.351038494,1,This goal has been accepted by the simple action server
1780310985846965752,354,1780310985846656264,,1780310981351038494,/move_base-1-1780310981.351038494,1,This goal has been accepted by the simple action server
1780310986047207060,355,1780310986046746787,,1780310981351038494,/move_base-1-1780310981.351038494,1,This goal has been accepted by the simple action server
1780310986247051273,356,1780310986246666054,,1780310981351038494,/move_base-1-1780310981.351038494,1,This goal has been accepted by the simple action server
1780310986447081116,357,1780310986446662147,,1780310981351038494,/move_base-1-1780310981.351038494,1,This goal has been accepted by the simple action server
1780310986647615140,358,1780310986646695636,,1780310981351038494,/move_base-1-1780310981.351038494,1,This goal has been accepted by the simple action server
1780310986847004029,359,1780310986846665426,,1780310981351038494,/move_base-1-1780310981.351038494,1,This goal has been accepted by the simple action server
1780310987046992986,360,1780310987046651935,,1780310981351038494,/move_base-1-1780310981.351038494,1,This goal has been accepted by the simple action server
1780310987247090800,361,1780310987246705789,,1780310981351038494,/move_base-1-1780310981.351038494,1,This goal has been accepted by the simple action server
1780310987447113247,362,1780310987446696934,,1780310981351038494,/move_base-1-1780310981.351038494,1,This goal has been accepted by the simple action server
1780310987647154497,363,1780310987646682453,,1780310981351038494,/move_base-1-1780310981.351038494,1,This goal has been accepted by the simple action server
1780310987847217414,364,1780310987846664430,,1780310981351038494,/move_base-1-1780310981.351038494,1,This goal has been accepted by the simple action server
1780310988048888449,365,1780310988046777974,,1780310981351038494,/move_base-1-1780310981.351038494,1,This goal has been accepted by the simple action server
1780310988246986156,366,1780310988246655053,,1780310981351038494,/move_base-1-1780310981.351038494,1,This goal has been accepted by the simple action server
1780310988447834147,367,1780310988447438459,,1780310981351038494,/move_base-1-1780310981.351038494,1,This goal has been accepted by the simple action server
1780310988650237025,368,1780310988648701305,,1780310981351038494,/move_base-1-1780310981.351038494,1,This goal has been accepted by the simple action server
1780310988847057300,369,1780310988846674946,,1780310981351038494,/move_base-1-1780310981.351038494,1,This goal has been accepted by the simple action server
1780310989047139176,370,1780310989046662236,,1780310981351038494,/move_base-1-1780310981.351038494,1,This goal has been accepted by the simple action server
1780310989250201083,371,1780310989246665204,,1780310981351038494,/move_base-1-1780310981.351038494,1,This goal has been accepted by the simple action server
1780310989447059016,372,1780310989446664734,,1780310981351038494,/move_base-1-1780310981.351038494,1,This goal has been accepted by the simple action server
1780310989647081046,373,1780310989646735985,,1780310981351038494,/move_base-1-1780310981.351038494,1,This goal has been accepted by the simple action server
1780310989846981928,374,1780310989846662492,,1780310981351038494,/move_base-1-1780310981.351038494,1,This goal has been accepted by the simple action server
1780310990046965676,375,1780310990046660772,,1780310981351038494,/move_base-1-1780310981.351038494,1,This goal has been accepted by the simple action server
1780310990246951821,376,1780310990246649885,,1780310981351038494,/move_base-1-1780310981.351038494,1,This goal has been accepted by the simple action server
1780310990446967810,377,1780310990446650301,,1780310981351038494,/move_base-1-1780310981.351038494,1,This goal has been accepted by the simple action server
1780310990647006455,378,1780310990646669988,,1780310981351038494,/move_base-1-1780310981.351038494,1,This goal has been accepted by the simple action server
1780310990850403111,379,1780310990847467665,,1780310981351038494,/move_base-1-1780310981.351038494,1,This goal has been accepted by the simple action server
1780310991048684885,380,1780310991046667225,,1780310981351038494,/move_base-1-1780310981.351038494,1,This goal has been accepted by the simple action server
1780310991250069349,381,1780310991246662745,,1780310981351038494,/move_base-1-1780310981.351038494,1,This goal has been accepted by the simple action server
1780310991447075776,382,1780310991446656545,,1780310981351038494,/move_base-1-1780310981.351038494,1,This goal has been accepted by the simple action server
1780310991647685687,383,1780310991647036242,,1780310981351038494,/move_base-1-1780310981.351038494,1,This goal has been accepted by the simple action server
1780310991847583392,384,1780310991846675710,,1780310981351038494,/move_base-1-1780310981.351038494,1,This goal has been accepted by the simple action server
1780310992047820585,385,1780310992047252236,,1780310981351038494,/move_base-1-1780310981.351038494,1,This goal has been accepted by the simple action server
1780310992247013426,386,1780310992246655864,,1780310981351038494,/move_base-1-1780310981.351038494,1,This goal has been accepted by the simple action server
1780310992447578649,387,1780310992447047749,,1780310981351038494,/move_base-1-1780310981.351038494,1,This goal has been accepted by the simple action server
1780310992651742512,388,1780310992647788549,,1780310981351038494,/move_base-1-1780310981.351038494,1,This goal has been accepted by the simple action server
1780310992848279395,389,1780310992846655496,,1780310981351038494,/move_base-1-1780310981.351038494,1,This goal has been accepted by the simple action server
1780310993048244185,390,1780310993046658047,,1780310981351038494,/move_base-1-1780310981.351038494,1,This goal has been accepted by the simple action server
1780310993250267937,391,1780310993246777841,,1780310981351038494,/move_base-1-1780310981.351038494,1,This goal has been accepted by the simple action server
1780310993447214518,392,1780310993446671274,,1780310981351038494,/move_base-1-1780310981.351038494,1,This goal has been accepted by the simple action server
1780310993647084410,393,1780310993646678461,,1780310981351038494,/move_base-1-1780310981.351038494,1,This goal has been accepted by the simple action server
1780310993847064860,394,1780310993846666883,,1780310981351038494,/move_base-1-1780310981.351038494,1,This goal has been accepted by the simple action server
1780310994051110458,395,1780310994046669368,,1780310981351038494,/move_base-1-1780310981.351038494,1,This goal has been accepted by the simple action server
1780310994248912581,396,1780310994246673468,,1780310981351038494,/move_base-1-1780310981.351038494,1,This goal has been accepted by the simple action server
1780310994448734490,397,1780310994448023276,,1780310981351038494,/move_base-1-1780310981.351038494,1,This goal has been accepted by the simple action server
1780310994647532469,398,1780310994646671981,,1780310981351038494,/move_base-1-1780310981.351038494,1,This goal has been accepted by the simple action server
1780310994846997130,399,1780310994846659154,,1780310981351038494,/move_base-1-1780310981.351038494,1,This goal has been accepted by the simple action server
1780310995047366968,400,1780310995046666327,,1780310981351038494,/move_base-1-1780310981.351038494,1,This goal has been accepted by the simple action server
1780310995247106218,401,1780310995246684490,,1780310981351038494,/move_base-1-1780310981.351038494,1,This goal has been accepted by the simple action server
1780310995449026768,402,1780310995446823073,,1780310981351038494,/move_base-1-1780310981.351038494,1,This goal has been accepted by the simple action server
1780310995649126548,403,1780310995646705764,,1780310981351038494,/move_base-1-1780310981.351038494,1,This goal has been accepted by the simple action server
1780310995847018308,404,1780310995846653873,,1780310981351038494,/move_base-1-1780310981.351038494,1,This goal has been accepted by the simple action server
1780310996047146109,405,1780310996046658130,,1780310981351038494,/move_base-1-1780310981.351038494,1,This goal has been accepted by the simple action server
1780310996247036613,406,1780310996246619677,,1780310981351038494,/move_base-1-1780310981.351038494,1,This goal has been accepted by the simple action server
1780310996448120894,407,1780310996447630883,,1780310981351038494,/move_base-1-1780310981.351038494,1,This goal has been accepted by the simple action server
1780310996647051845,408,1780310996646659909,,1780310981351038494,/move_base-1-1780310981.351038494,1,This goal has been accepted by the simple action server
1780310996847178969,409,1780310996846661197,,1780310981351038494,/move_base-1-1780310981.351038494,1,This goal has been accepted by the simple action server
1780310997051942916,410,1780310997046699413,,1780310981351038494,/move_base-1-1780310981.351038494,1,This goal has been accepted by the simple action server
1780310997246955654,411,1780310997246654970,,1780310981351038494,/move_base-1-1780310981.351038494,1,This goal has been accepted by the simple action server
1780310997446961577,412,1780310997446701050,,1780310981351038494,/move_base-1-1780310981.351038494,1,This goal has been accepted by the simple action server
1780310997646997657,413,1780310997646660462,,1780310981351038494,/move_base-1-1780310981.351038494,1,This goal has been accepted by the simple action server
1780310997846978267,414,1780310997846654614,,1780310981351038494,/move_base-1-1780310981.351038494,1,This goal has been accepted by the simple action server
1780310998047032681,415,1780310998046669496,,1780310981351038494,/move_base-1-1780310981.351038494,1,This goal has been accepted by the simple action server
1780310998247376997,416,1780310998246914591,,1780310981351038494,/move_base-1-1780310981.351038494,1,This goal has been accepted by the simple action server
1780310998446990568,417,1780310998446662852,,1780310981351038494,/move_base-1-1780310981.351038494,1,This goal has been accepted by the simple action server
1780310998646894301,418,1780310998646661275,,1780310981351038494,/move_base-1-1780310981.351038494,1,This goal has been accepted by the simple action server
1780310998847213721,419,1780310998846706418,,1780310981351038494,/move_base-1-1780310981.351038494,1,This goal has been accepted by the simple action server
1780310999046986045,420,1780310999046656715,,1780310981351038494,/move_base-1-1780310981.351038494,1,This goal has been accepted by the simple action server
1780310999247618024,421,1780310999247269214,,1780310981351038494,/move_base-1-1780310981.351038494,1,This goal has been accepted by the simple action server
1780310999447184771,422,1780310999446695593,,1780310981351038494,/move_base-1-1780310981.351038494,1,This goal has been accepted by the simple action server
1780310999647018138,423,1780310999646709746,,1780310981351038494,/move_base-1-1780310981.351038494,1,This goal has been accepted by the simple action server
1780310999849533597,424,1780310999846999790,,1780310981351038494,/move_base-1-1780310981.351038494,1,This goal has been accepted by the simple action server
1780311000047070663,425,1780311000046728624,,1780310981351038494,/move_base-1-1780310981.351038494,1,This goal has been accepted by the simple action server
1780311000247152004,426,1780311000246693088,,1780310981351038494,/move_base-1-1780310981.351038494,1,This goal has been accepted by the simple action server
1780311000447076363,427,1780311000446677396,,1780310981351038494,/move_base-1-1780310981.351038494,1,This goal has been accepted by the simple action server
1780311000647877512,428,1780311000647317083,,1780310981351038494,/move_base-1-1780310981.351038494,1,This goal has been accepted by the simple action server
1780311000846988884,429,1780311000846645439,,1780310981351038494,/move_base-1-1780310981.351038494,1,This goal has been accepted by the simple action server
1780311001047299762,430,1780311001046661102,,1780310981351038494,/move_base-1-1780310981.351038494,1,This goal has been accepted by the simple action server
1780311001247103389,431,1780311001246672911,,1780310981351038494,/move_base-1-1780310981.351038494,1,This goal has been accepted by the simple action server
1780311001449451188,432,1780311001448997324,,1780310981351038494,/move_base-1-1780310981.351038494,1,This goal has been accepted by the simple action server
1780311001647182841,433,1780311001646672101,,1780310981351038494,/move_base-1-1780310981.351038494,1,This goal has been accepted by the simple action server
1780311001847080637,434,1780311001846687191,,1780310981351038494,/move_base-1-1780310981.351038494,1,This goal has been accepted by the simple action server
1780311002047357504,435,1780311002046745927,,1780310981351038494,/move_base-1-1780310981.351038494,1,This goal has been accepted by the simple action server
1780311002250551155,436,1780311002250039581,,1780310981351038494,/move_base-1-1780310981.351038494,1,This goal has been accepted by the simple action server
1780311002447110334,437,1780311002446677251,,1780310981351038494,/move_base-1-1780310981.351038494,1,This goal has been accepted by the simple action server
1780311002647145424,438,1780311002646700831,,1780310981351038494,/move_base-1-1780310981.351038494,1,This goal has been accepted by the simple action server
1780311002847160619,439,1780311002846655086,,1780310981351038494,/move_base-1-1780310981.351038494,1,This goal has been accepted by the simple action server
1780311003048842934,440,1780311003048441206,,1780310981351038494,/move_base-1-1780310981.351038494,1,This goal has been accepted by the simple action server
1780311003250377798,441,1780311003246669797,,1780310981351038494,/move_base-1-1780310981.351038494,1,This goal has been accepted by the simple action server
1780311003447815746,442,1780311003447384799,,1780310981351038494,/move_base-1-1780310981.351038494,1,This goal has been accepted by the simple action server
1780311003647104257,443,1780311003646668779,,1780310981351038494,/move_base-1-1780310981.351038494,1,This goal has been accepted by the simple action server
1780311003847033408,444,1780311003846671525,,1780310981351038494,/move_base-1-1780310981.351038494,1,This goal has been accepted by the simple action server
1780311004047088187,445,1780311004046649531,,1780310981351038494,/move_base-1-1780310981.351038494,1,This goal has been accepted by the simple action server
1780311004247080047,446,1780311004246672329,,1780310981351038494,/move_base-1-1780310981.351038494,1,This goal has been accepted by the simple action server
1780311004447218681,447,1780311004446660336,,1780310981351038494,/move_base-1-1780310981.351038494,1,This goal has been accepted by the simple action server
1780311004647684146,448,1780311004646979182,,1780310981351038494,/move_base-1-1780310981.351038494,1,This goal has been accepted by the simple action server
1780311004847987628,449,1780311004846727964,,1780310981351038494,/move_base-1-1780310981.351038494,1,This goal has been accepted by the simple action server
1780311005047010404,450,1780311005046664146,,1780310981351038494,/move_base-1-1780310981.351038494,1,This goal has been accepted by the simple action server
1780311005248786576,451,1780311005246733092,,1780310981351038494,/move_base-1-1780310981.351038494,1,This goal has been accepted by the simple action server
1780311005447148399,452,1780311005446723598,,1780310981351038494,/move_base-1-1780310981.351038494,1,This goal has been accepted by the simple action server
1780311005647487455,453,1780311005646702489,,1780310981351038494,/move_base-1-1780310981.351038494,1,This goal has been accepted by the simple action server
1780311005847045556,454,1780311005846655807,,1780310981351038494,/move_base-1-1780310981.351038494,1,This goal has been accepted by the simple action server
1780311006047118303,455,1780311006046668814,,1780310981351038494,/move_base-1-1780310981.351038494,1,This goal has been accepted by the simple action server
1780311006249960540,456,1780311006249055624,,1780310981351038494,/move_base-1-1780310981.351038494,1,This goal has been accepted by the simple action server
1780311006447237340,457,1780311006446677900,,1780310981351038494,/move_base-1-1780310981.351038494,1,This goal has been accepted by the simple action server
1780311006647145917,458,1780311006646664864,,1780310981351038494,/move_base-1-1780310981.351038494,1,This goal has been accepted by the simple action server
1780311006847194341,459,1780311006846679746,,1780310981351038494,/move_base-1-1780310981.351038494,1,This goal has been accepted by the simple action server
1780311007047058230,460,1780311007046666137,,1780310981351038494,/move_base-1-1780310981.351038494,1,This goal has been accepted by the simple action server
1780311007246930400,461,1780311007246656696,,1780310981351038494,/move_base-1-1780310981.351038494,1,This goal has been accepted by the simple action server
1780311007447810561,462,1780311007446714235,,1780310981351038494,/move_base-1-1780310981.351038494,1,This goal has been accepted by the simple action server
1780311007647066572,463,1780311007646666042,,1780310981351038494,/move_base-1-1780310981.351038494,1,This goal has been accepted by the simple action server
1780311007847081870,464,1780311007846664621,,1780310981351038494,/move_base-1-1780310981.351038494,1,This goal has been accepted by the simple action server
1780311008047161806,465,1780311008046714191,,1780310981351038494,/move_base-1-1780310981.351038494,1,This goal has been accepted by the simple action server
1780311008247032517,466,1780311008246659749,,1780310981351038494,/move_base-1-1780310981.351038494,1,This goal has been accepted by the simple action server
1780311008446998388,467,1780311008446700725,,1780310981351038494,/move_base-1-1780310981.351038494,1,This goal has been accepted by the simple action server
1780311008647107021,468,1780311008646673366,,1780310981351038494,/move_base-1-1780310981.351038494,1,This goal has been accepted by the simple action server
1780311008847717802,469,1780311008846714394,,1780310981351038494,/move_base-1-1780310981.351038494,1,This goal has been accepted by the simple action server
1780311009047220901,470,1780311009046693806,,1780310981351038494,/move_base-1-1780310981.351038494,1,This goal has been accepted by the simple action server
1780311009247262346,471,1780311009246667906,,1780310981351038494,/move_base-1-1780310981.351038494,1,This goal has been accepted by the simple action server
1780311009447120037,472,1780311009446722111,,1780310981351038494,/move_base-1-1780310981.351038494,1,This goal has been accepted by the simple action server
1780311009647067261,473,1780311009646666106,,1780310981351038494,/move_base-1-1780310981.351038494,1,This goal has been accepted by the simple action server
1780311009847046933,474,1780311009846663487,,1780310981351038494,/move_base-1-1780310981.351038494,1,This goal has been accepted by the simple action server
1780311010047281039,475,1780311010046681182,,1780310981351038494,/move_base-1-1780310981.351038494,1,This goal has been accepted by the simple action server
1780311010249082992,476,1780311010246669396,,1780310981351038494,/move_base-1-1780310981.351038494,1,This goal has been accepted by the simple action server
1780311010447198300,477,1780311010446734539,,1780310981351038494,/move_base-1-1780310981.351038494,1,This goal has been accepted by the simple action server
1780311010647068282,478,1780311010646690097,,1780310981351038494,/move_base-1-1780310981.351038494,1,This goal has been accepted by the simple action server
1780311010846980141,479,1780311010846658050,,1780310981351038494,/move_base-1-1780310981.351038494,1,This goal has been accepted by the simple action server
1780311011047215288,480,1780311011046739079,,1780310981351038494,/move_base-1-1780310981.351038494,1,This goal has been accepted by the simple action server
1780311011246967299,481,1780311011246647188,,1780310981351038494,/move_base-1-1780310981.351038494,1,This goal has been accepted by the simple action server
1780311011447923400,482,1780311011446861137,,1780310981351038494,/move_base-1-1780310981.351038494,1,This goal has been accepted by the simple action server
1780311011647065293,483,1780311011646662784,,1780310981351038494,/move_base-1-1780310981.351038494,1,This goal has been accepted by the simple action server
1780311011849568773,484,1780311011847254502,,1780310981351038494,/move_base-1-1780310981.351038494,1,This goal has been accepted by the simple action server
1780311012047124953,485,1780311012046701246,,1780310981351038494,/move_base-1-1780310981.351038494,1,This goal has been accepted by the simple action server
1780311012247512239,486,1780311012246825036,,1780310981351038494,/move_base-1-1780310981.351038494,1,This goal has been accepted by the simple action server
1780311012447097997,487,1780311012446677779,,1780310981351038494,/move_base-1-1780310981.351038494,1,This goal has been accepted by the simple action server
1780311012648256863,488,1780311012647697110,,1780310981351038494,/move_base-1-1780310981.351038494,1,This goal has been accepted by the simple action server
1780311012848882331,489,1780311012847921945,,1780310981351038494,/move_base-1-1780310981.351038494,1,This goal has been accepted by the simple action server
1780311013047691456,490,1780311013046677579,,1780310981351038494,/move_base-1-1780310981.351038494,1,This goal has been accepted by the simple action server
1780311013247818945,491,1780311013247382893,,1780310981351038494,/move_base-1-1780310981.351038494,1,This goal has been accepted by the simple action server
1780311013447119904,492,1780311013446679269,,1780310981351038494,/move_base-1-1780310981.351038494,1,This goal has been accepted by the simple action server
1780311013648001212,493,1780311013647516982,,1780310981351038494,/move_base-1-1780310981.351038494,1,This goal has been accepted by the simple action server
1780311013847255347,494,1780311013846678407,,1780310981351038494,/move_base-1-1780310981.351038494,1,This goal has been accepted by the simple action server
1780311014047055641,495,1780311014046677351,,1780310981351038494,/move_base-1-1780310981.351038494,1,This goal has been accepted by the simple action server
1780311014246970208,496,1780311014246655930,,1780310981351038494,/move_base-1-1780310981.351038494,1,This goal has been accepted by the simple action server
1780311014447039049,497,1780311014446665968,,1780310981351038494,/move_base-1-1780310981.351038494,1,This goal has been accepted by the simple action server
1780311014648119996,498,1780311014647440137,,1780310981351038494,/move_base-1-1780310981.351038494,1,This goal has been accepted by the simple action server
1780311014848232745,499,1780311014846692762,,1780310981351038494,/move_base-1-1780310981.351038494,1,This goal has been accepted by the simple action server
1780311015047201874,500,1780311015046768895,,1780310981351038494,/move_base-1-1780310981.351038494,1,This goal has been accepted by the simple action server
1780311015251926549,501,1780311015246661743,,1780310981351038494,/move_base-1-1780310981.351038494,1,This goal has been accepted by the simple action server
1780311015446978559,502,1780311015446663708,,1780310981351038494,/move_base-1-1780310981.351038494,1,This goal has been accepted by the simple action server
1780311015647497983,503,1780311015646725986,,1780310981351038494,/move_base-1-1780310981.351038494,1,This goal has been accepted by the simple action server
1780311015846968946,504,1780311015846664981,,1780310981351038494,/move_base-1-1780310981.351038494,1,This goal has been accepted by the simple action server
1780311016047172634,505,1780311016046858565,,1780310981351038494,/move_base-1-1780310981.351038494,1,This goal has been accepted by the simple action server
1780311016247081316,506,1780311016246664640,,1780310981351038494,/move_base-1-1780310981.351038494,1,This goal has been accepted by the simple action server
1780311016447157970,507,1780311016446698115,,1780310981351038494,/move_base-1-1780310981.351038494,1,This goal has been accepted by the simple action server,1780311016371579492,/move_base-2-1780311016.371579492,0,
1780311016554656699,508,1780311016553418599,,1780310981351038494,/move_base-1-1780310981.351038494,2,This goal was canceled because another goal was recieved by the simple action server,1780311016371579492,/move_base-2-1780311016.371579492,0,
1780311016557317228,509,1780311016553459068,,1780310981351038494,/move_base-1-1780310981.351038494,2,This goal was canceled because another goal was recieved by the simple action server,1780311016371579492,/move_base-2-1780311016.371579492,1,This goal has been accepted by the simple action server
1780311016647087068,510,1780311016646672423,,1780310981351038494,/move_base-1-1780310981.351038494,2,This goal was canceled because another goal was recieved by the simple action server,1780311016371579492,/move_base-2-1780311016.371579492,1,This goal has been accepted by the simple action server
1780311016847028563,511,1780311016846678190,,1780310981351038494,/move_base-1-1780310981.351038494,2,This goal was canceled because another goal was recieved by the simple action server,1780311016371579492,/move_base-2-1780311016.371579492,1,This goal has been accepted by the simple action server
1780311017047152353,512,1780311017046668540,,1780310981351038494,/move_base-1-1780310981.351038494,2,This goal was canceled because another goal was recieved by the simple action server,1780311016371579492,/move_base-2-1780311016.371579492,1,This goal has been accepted by the simple action server
1780311017252251516,513,1780311017248581121,,1780310981351038494,/move_base-1-1780310981.351038494,2,This goal was canceled because another goal was recieved by the simple action server,1780311016371579492,/move_base-2-1780311016.371579492,1,This goal has been accepted by the simple action server
1780311017447018415,514,1780311017446679241,,1780310981351038494,/move_base-1-1780310981.351038494,2,This goal was canceled because another goal was recieved by the simple action server,1780311016371579492,/move_base-2-1780311016.371579492,1,This goal has been accepted by the simple action server
1780311017647026786,515,1780311017646674018,,1780310981351038494,/move_base-1-1780310981.351038494,2,This goal was canceled because another goal was recieved by the simple action server,1780311016371579492,/move_base-2-1780311016.371579492,1,This goal has been accepted by the simple action server
1780311017847036095,516,1780311017846682649,,1780310981351038494,/move_base-1-1780310981.351038494,2,This goal was canceled because another goal was recieved by the simple action server,1780311016371579492,/move_base-2-1780311016.371579492,1,This goal has been accepted by the simple action server
1780311018050349489,517,1780311018046662166,,1780310981351038494,/move_base-1-1780310981.351038494,2,This goal was canceled because another goal was recieved by the simple action server,1780311016371579492,/move_base-2-1780311016.371579492,1,This goal has been accepted by the simple action server
1780311018247161694,518,1780311018246682256,,1780310981351038494,/move_base-1-1780310981.351038494,2,This goal was canceled because another goal was recieved by the simple action server,1780311016371579492,/move_base-2-1780311016.371579492,1,This goal has been accepted by the simple action server
1780311018446977977,519,1780311018446659168,,1780310981351038494,/move_base-1-1780310981.351038494,2,This goal was canceled because another goal was recieved by the simple action server,1780311016371579492,/move_base-2-1780311016.371579492,1,This goal has been accepted by the simple action server
1780311018646952754,520,1780311018646658581,,1780310981351038494,/move_base-1-1780310981.351038494,2,This goal was canceled because another goal was recieved by the simple action server,1780311016371579492,/move_base-2-1780311016.371579492,1,This goal has been accepted by the simple action server
1780311018847060815,521,1780311018846662056,,1780310981351038494,/move_base-1-1780310981.351038494,2,This goal was canceled because another goal was recieved by the simple action server,1780311016371579492,/move_base-2-1780311016.371579492,1,This goal has been accepted by the simple action server
1780311019047297316,522,1780311019046771575,,1780310981351038494,/move_base-1-1780310981.351038494,2,This goal was canceled because another goal was recieved by the simple action server,1780311016371579492,/move_base-2-1780311016.371579492,1,This goal has been accepted by the simple action server
1780311019247080266,523,1780311019246649006,,1780310981351038494,/move_base-1-1780310981.351038494,2,This goal was canceled because another goal was recieved by the simple action server,1780311016371579492,/move_base-2-1780311016.371579492,1,This goal has been accepted by the simple action server
1780311019447040354,524,1780311019446654148,,1780310981351038494,/move_base-1-1780310981.351038494,2,This goal was canceled because another goal was recieved by the simple action server,1780311016371579492,/move_base-2-1780311016.371579492,1,This goal has been accepted by the simple action server
1780311019647128050,525,1780311019646678353,,1780310981351038494,/move_base-1-1780310981.351038494,2,This goal was canceled because another goal was recieved by the simple action server,1780311016371579492,/move_base-2-1780311016.371579492,1,This goal has been accepted by the simple action server
1780311019847130328,526,1780311019846688130,,1780310981351038494,/move_base-1-1780310981.351038494,2,This goal was canceled because another goal was recieved by the simple action server,1780311016371579492,/move_base-2-1780311016.371579492,1,This goal has been accepted by the simple action server
1780311020056954910,527,1780311020046673167,,1780310981351038494,/move_base-1-1780310981.351038494,2,This goal was canceled because another goal was recieved by the simple action server,1780311016371579492,/move_base-2-1780311016.371579492,1,This goal has been accepted by the simple action server
1780311020246991910,528,1780311020246678882,,1780310981351038494,/move_base-1-1780310981.351038494,2,This goal was canceled because another goal was recieved by the simple action server,1780311016371579492,/move_base-2-1780311016.371579492,1,This goal has been accepted by the simple action server
1780311020446992573,529,1780311020446702358,,1780310981351038494,/move_base-1-1780310981.351038494,2,This goal was canceled because another goal was recieved by the simple action server,1780311016371579492,/move_base-2-1780311016.371579492,1,This goal has been accepted by the simple action server
1780311020647078862,530,1780311020646671509,,1780310981351038494,/move_base-1-1780310981.351038494,2,This goal was canceled because another goal was recieved by the simple action server,1780311016371579492,/move_base-2-1780311016.371579492,1,This goal has been accepted by the simple action server
1780311020847517452,531,1780311020847008690,,1780310981351038494,/move_base-1-1780310981.351038494,2,This goal was canceled because another goal was recieved by the simple action server,1780311016371579492,/move_base-2-1780311016.371579492,1,This goal has been accepted by the simple action server
1780311021047072688,532,1780311021046733722,,1780310981351038494,/move_base-1-1780310981.351038494,2,This goal was canceled because another goal was recieved by the simple action server,1780311016371579492,/move_base-2-1780311016.371579492,1,This goal has been accepted by the simple action server
1780311021247397524,533,1780311021246764749,,1780310981351038494,/move_base-1-1780310981.351038494,2,This goal was canceled because another goal was recieved by the simple action server,1780311016371579492,/move_base-2-1780311016.371579492,1,This goal has been accepted by the simple action server
1780311021447034689,534,1780311021446685775,,1780310981351038494,/move_base-1-1780310981.351038494,2,This goal was canceled because another goal was recieved by the simple action server,1780311016371579492,/move_base-2-1780311016.371579492,1,This goal has been accepted by the simple action server
1780311021647467289,535,1780311021646945402,,1780310981351038494,/move_base-1-1780310981.351038494,2,This goal was canceled because another goal was recieved by the simple action server,1780311016371579492,/move_base-2-1780311016.371579492,1,This goal has been accepted by the simple action server
1780311021848196249,536,1780311021846666162,,1780311016371579492,/move_base-2-1780311016.371579492,1,This goal has been accepted by the simple action server
1780311022047207775,537,1780311022046677398,,1780311016371579492,/move_base-2-1780311016.371579492,1,This goal has been accepted by the simple action server
1780311022247095153,538,1780311022246682592,,1780311016371579492,/move_base-2-1780311016.371579492,1,This goal has been accepted by the simple action server
1780311022448394023,539,1780311022446681588,,1780311016371579492,/move_base-2-1780311016.371579492,1,This goal has been accepted by the simple action server
1780311022647561333,540,1780311022646867151,,1780311016371579492,/move_base-2-1780311016.371579492,1,This goal has been accepted by the simple action server
1780311022847064745,541,1780311022846669007,,1780311016371579492,/move_base-2-1780311016.371579492,1,This goal has been accepted by the simple action server
1780311023048239497,542,1780311023047923083,,1780311016371579492,/move_base-2-1780311016.371579492,1,This goal has been accepted by the simple action server
1780311023246978412,543,1780311023246662259,,1780311016371579492,/move_base-2-1780311016.371579492,1,This goal has been accepted by the simple action server
1780311023446961522,544,1780311023446665943,,1780311016371579492,/move_base-2-1780311016.371579492,1,This goal has been accepted by the simple action server
1780311023647017707,545,1780311023646689887,,1780311016371579492,/move_base-2-1780311016.371579492,1,This goal has been accepted by the simple action server
1780311023847015869,546,1780311023846665028,,1780311016371579492,/move_base-2-1780311016.371579492,1,This goal has been accepted by the simple action server
1780311024046997573,547,1780311024046670639,,1780311016371579492,/move_base-2-1780311016.371579492,1,This goal has been accepted by the simple action server
1780311024247263607,548,1780311024246686458,,1780311016371579492,/move_base-2-1780311016.371579492,1,This goal has been accepted by the simple action server
1780311024446933168,549,1780311024446654620,,1780311016371579492,/move_base-2-1780311016.371579492,1,This goal has been accepted by the simple action server
1780311024647457801,550,1780311024646681637,,1780311016371579492,/move_base-2-1780311016.371579492,1,This goal has been accepted by the simple action server
1780311024847240125,551,1780311024846702301,,1780311016371579492,/move_base-2-1780311016.371579492,1,This goal has been accepted by the simple action server
1780311025047244173,552,1780311025046671817,,1780311016371579492,/move_base-2-1780311016.371579492,1,This goal has been accepted by the simple action server
1780311025247233898,553,1780311025246670917,,1780311016371579492,/move_base-2-1780311016.371579492,1,This goal has been accepted by the simple action server
1780311025447098152,554,1780311025446668402,,1780311016371579492,/move_base-2-1780311016.371579492,1,This goal has been accepted by the simple action server
1780311025647258557,555,1780311025646850163,,1780311016371579492,/move_base-2-1780311016.371579492,1,This goal has been accepted by the simple action server
1780311025847085102,556,1780311025846660925,,1780311016371579492,/move_base-2-1780311016.371579492,1,This goal has been accepted by the simple action server
1780311026047184048,557,1780311026046715548,,1780311016371579492,/move_base-2-1780311016.371579492,1,This goal has been accepted by the simple action server
1780311026247552323,558,1780311026246850953,,1780311016371579492,/move_base-2-1780311016.371579492,1,This goal has been accepted by the simple action server
1780311026447038963,559,1780311026446663851,,1780311016371579492,/move_base-2-1780311016.371579492,1,This goal has been accepted by the simple action server
1780311026647101294,560,1780311026646655399,,1780311016371579492,/move_base-2-1780311016.371579492,1,This goal has been accepted by the simple action server
1780311026847122218,561,1780311026846667468,,1780311016371579492,/move_base-2-1780311016.371579492,1,This goal has been accepted by the simple action server
1780311027047856699,562,1780311027047466482,,1780311016371579492,/move_base-2-1780311016.371579492,1,This goal has been accepted by the simple action server
1780311027246999686,563,1780311027246656605,,1780311016371579492,/move_base-2-1780311016.371579492,1,This goal has been accepted by the simple action server
1780311027447033579,564,1780311027446678935,,1780311016371579492,/move_base-2-1780311016.371579492,1,This goal has been accepted by the simple action server
1780311027647129973,565,1780311027646664493,,1780311016371579492,/move_base-2-1780311016.371579492,1,This goal has been accepted by the simple action server
1780311027847240586,566,1780311027846721980,,1780311016371579492,/move_base-2-1780311016.371579492,1,This goal has been accepted by the simple action server
1780311028048894306,567,1780311028048398670,,1780311016371579492,/move_base-2-1780311016.371579492,1,This goal has been accepted by the simple action server
1780311028247185503,568,1780311028246743618,,1780311016371579492,/move_base-2-1780311016.371579492,1,This goal has been accepted by the simple action server
1780311028447136686,569,1780311028446687457,,1780311016371579492,/move_base-2-1780311016.371579492,1,This goal has been accepted by the simple action server
1780311028650776806,570,1780311028646715308,,1780311016371579492,/move_base-2-1780311016.371579492,1,This goal has been accepted by the simple action server
1780311028847111917,571,1780311028846722273,,1780311016371579492,/move_base-2-1780311016.371579492,1,This goal has been accepted by the simple action server
1780311029049066634,572,1780311029048377452,,1780311016371579492,/move_base-2-1780311016.371579492,1,This goal has been accepted by the simple action server
1780311029247101419,573,1780311029246697868,,1780311016371579492,/move_base-2-1780311016.371579492,1,This goal has been accepted by the simple action server
1780311029447640583,574,1780311029446690562,,1780311016371579492,/move_base-2-1780311016.371579492,1,This goal has been accepted by the simple action server
1780311029647028732,575,1780311029646713100,,1780311016371579492,/move_base-2-1780311016.371579492,1,This goal has been accepted by the simple action server
1780311029847195336,576,1780311029846759493,,1780311016371579492,/move_base-2-1780311016.371579492,1,This goal has been accepted by the simple action server
1780311030047128080,577,1780311030046671976,,1780311016371579492,/move_base-2-1780311016.371579492,1,This goal has been accepted by the simple action server
1780311030246991969,578,1780311030246660660,,1780311016371579492,/move_base-2-1780311016.371579492,1,This goal has been accepted by the simple action server
1780311030449246641,579,1780311030448782099,,1780311016371579492,/move_base-2-1780311016.371579492,1,This goal has been accepted by the simple action server
1780311030647102568,580,1780311030646680006,,1780311016371579492,/move_base-2-1780311016.371579492,1,This goal has been accepted by the simple action server,1780311030624285438,/move_base-3-1780311030.624285438,0,
1780311030665844345,581,1780311030659615402,,1780311016371579492,/move_base-2-1780311016.371579492,2,This goal was canceled because another goal was recieved by the simple action server,1780311030624285438,/move_base-3-1780311030.624285438,0,
1780311030665960285,582,1780311030660213228,,1780311016371579492,/move_base-2-1780311016.371579492,2,This goal was canceled because another goal was recieved by the simple action server,1780311030624285438,/move_base-3-1780311030.624285438,1,This goal has been accepted by the simple action server
1780311030846968540,583,1780311030846650199,,1780311016371579492,/move_base-2-1780311016.371579492,2,This goal was canceled because another goal was recieved by the simple action server,1780311030624285438,/move_base-3-1780311030.624285438,1,This goal has been accepted by the simple action server
1780311031047118529,584,1780311031046674144,,1780311016371579492,/move_base-2-1780311016.371579492,2,This goal was canceled because another goal was recieved by the simple action server,1780311030624285438,/move_base-3-1780311030.624285438,1,This goal has been accepted by the simple action server
1780311031247045492,585,1780311031246664702,,1780311016371579492,/move_base-2-1780311016.371579492,2,This goal was canceled because another goal was recieved by the simple action server,1780311030624285438,/move_base-3-1780311030.624285438,1,This goal has been accepted by the simple action server
1780311031451196561,586,1780311031446678750,,1780311016371579492,/move_base-2-1780311016.371579492,2,This goal was canceled because another goal was recieved by the simple action server,1780311030624285438,/move_base-3-1780311030.624285438,1,This goal has been accepted by the simple action server
1780311031648210750,587,1780311031647854752,,1780311016371579492,/move_base-2-1780311016.371579492,2,This goal was canceled because another goal was recieved by the simple action server,1780311030624285438,/move_base-3-1780311030.624285438,1,This goal has been accepted by the simple action server
1780311031847034355,588,1780311031846665180,,1780311016371579492,/move_base-2-1780311016.371579492,2,This goal was canceled because another goal was recieved by the simple action server,1780311030624285438,/move_base-3-1780311030.624285438,1,This goal has been accepted by the simple action server
1780311032047980820,589,1780311032047516851,,1780311016371579492,/move_base-2-1780311016.371579492,2,This goal was canceled because another goal was recieved by the simple action server,1780311030624285438,/move_base-3-1780311030.624285438,1,This goal has been accepted by the simple action server
1780311032247025575,590,1780311032246659994,,1780311016371579492,/move_base-2-1780311016.371579492,2,This goal was canceled because another goal was recieved by the simple action server,1780311030624285438,/move_base-3-1780311030.624285438,1,This goal has been accepted by the simple action server
1780311032447124209,591,1780311032446685970,,1780311016371579492,/move_base-2-1780311016.371579492,2,This goal was canceled because another goal was recieved by the simple action server,1780311030624285438,/move_base-3-1780311030.624285438,1,This goal has been accepted by the simple action server
1780311032647957859,592,1780311032646703925,,1780311016371579492,/move_base-2-1780311016.371579492,2,This goal was canceled because another goal was recieved by the simple action server,1780311030624285438,/move_base-3-1780311030.624285438,1,This goal has been accepted by the simple action server
1780311032847209338,593,1780311032846681097,,1780311016371579492,/move_base-2-1780311016.371579492,2,This goal was canceled because another goal was recieved by the simple action server,1780311030624285438,/move_base-3-1780311030.624285438,1,This goal has been accepted by the simple action server
1780311033047768712,594,1780311033046885983,,1780311016371579492,/move_base-2-1780311016.371579492,2,This goal was canceled because another goal was recieved by the simple action server,1780311030624285438,/move_base-3-1780311030.624285438,1,This goal has been accepted by the simple action server
1780311033247076650,595,1780311033246679975,,1780311016371579492,/move_base-2-1780311016.371579492,2,This goal was canceled because another goal was recieved by the simple action server,1780311030624285438,/move_base-3-1780311030.624285438,1,This goal has been accepted by the simple action server
1780311033447145335,596,1780311033446665741,,1780311016371579492,/move_base-2-1780311016.371579492,2,This goal was canceled because another goal was recieved by the simple action server,1780311030624285438,/move_base-3-1780311030.624285438,1,This goal has been accepted by the simple action server
1780311033648354775,597,1780311033647894036,,1780311016371579492,/move_base-2-1780311016.371579492,2,This goal was canceled because another goal was recieved by the simple action server,1780311030624285438,/move_base-3-1780311030.624285438,1,This goal has been accepted by the simple action server
1780311033847098743,598,1780311033846655920,,1780311016371579492,/move_base-2-1780311016.371579492,2,This goal was canceled because another goal was recieved by the simple action server,1780311030624285438,/move_base-3-1780311030.624285438,1,This goal has been accepted by the simple action server
1780311034047107062,599,1780311034046667677,,1780311016371579492,/move_base-2-1780311016.371579492,2,This goal was canceled because another goal was recieved by the simple action server,1780311030624285438,/move_base-3-1780311030.624285438,1,This goal has been accepted by the simple action server
1780311034247135069,600,1780311034246680579,,1780311016371579492,/move_base-2-1780311016.371579492,2,This goal was canceled because another goal was recieved by the simple action server,1780311030624285438,/move_base-3-1780311030.624285438,1,This goal has been accepted by the simple action server
1780311034447165316,601,1780311034446672857,,1780311016371579492,/move_base-2-1780311016.371579492,2,This goal was canceled because another goal was recieved by the simple action server,1780311030624285438,/move_base-3-1780311030.624285438,1,This goal has been accepted by the simple action server
1780311034647859119,602,1780311034647470360,,1780311016371579492,/move_base-2-1780311016.371579492,2,This goal was canceled because another goal was recieved by the simple action server,1780311030624285438,/move_base-3-1780311030.624285438,1,This goal has been accepted by the simple action server
1780311034847234819,603,1780311034846663973,,1780311016371579492,/move_base-2-1780311016.371579492,2,This goal was canceled because another goal was recieved by the simple action server,1780311030624285438,/move_base-3-1780311030.624285438,1,This goal has been accepted by the simple action server
1780311035048905259,604,1780311035046655782,,1780311016371579492,/move_base-2-1780311016.371579492,2,This goal was canceled because another goal was recieved by the simple action server,1780311030624285438,/move_base-3-1780311030.624285438,1,This goal has been accepted by the simple action server
1780311035248012725,605,1780311035246882699,,1780311016371579492,/move_base-2-1780311016.371579492,2,This goal was canceled because another goal was recieved by the simple action server,1780311030624285438,/move_base-3-1780311030.624285438,1,This goal has been accepted by the simple action server
1780311035447922500,606,1780311035446781120,,1780311016371579492,/move_base-2-1780311016.371579492,2,This goal was canceled because another goal was recieved by the simple action server,1780311030624285438,/move_base-3-1780311030.624285438,1,This goal has been accepted by the simple action server
1780311035647091529,607,1780311035646668291,,1780311016371579492,/move_base-2-1780311016.371579492,2,This goal was canceled because another goal was recieved by the simple action server,1780311030624285438,/move_base-3-1780311030.624285438,1,This goal has been accepted by the simple action server
1780311035847156933,608,1780311035846775726,,1780311016371579492,/move_base-2-1780311016.371579492,2,This goal was canceled because another goal was recieved by the simple action server,1780311030624285438,/move_base-3-1780311030.624285438,1,This goal has been accepted by the simple action server
1780311036047026499,609,1780311036046608573,,1780311030624285438,/move_base-3-1780311030.624285438,1,This goal has been accepted by the simple action server
1780311036247077579,610,1780311036246672206,,1780311030624285438,/move_base-3-1780311030.624285438,1,This goal has been accepted by the simple action server
1780311036447111107,611,1780311036446680056,,1780311030624285438,/move_base-3-1780311030.624285438,1,This goal has been accepted by the simple action server
1780311036647007341,612,1780311036646680719,,1780311030624285438,/move_base-3-1780311030.624285438,1,This goal has been accepted by the simple action server
1780311036853996859,613,1780311036848480016,,1780311030624285438,/move_base-3-1780311030.624285438,1,This goal has been accepted by the simple action server
1780311037047819778,614,1780311037046733712,,1780311030624285438,/move_base-3-1780311030.624285438,1,This goal has been accepted by the simple action server
1780311037248940205,615,1780311037248512644,,1780311030624285438,/move_base-3-1780311030.624285438,1,This goal has been accepted by the simple action server
1780311037447084472,616,1780311037446674984,,1780311030624285438,/move_base-3-1780311030.624285438,1,This goal has been accepted by the simple action server
1780311037647036592,617,1780311037646661896,,1780311030624285438,/move_base-3-1780311030.624285438,1,This goal has been accepted by the simple action server
1780311037848062694,618,1780311037847688571,,1780311030624285438,/move_base-3-1780311030.624285438,1,This goal has been accepted by the simple action server
1780311038047133232,619,1780311038046698066,,1780311030624285438,/move_base-3-1780311030.624285438,1,This goal has been accepted by the simple action server
1780311038247119259,620,1780311038246768886,,1780311030624285438,/move_base-3-1780311030.624285438,1,This goal has been accepted by the simple action server
1780311038447769572,621,1780311038446685485,,1780311030624285438,/move_base-3-1780311030.624285438,1,This goal has been accepted by the simple action server
1780311038647228191,622,1780311038646695314,,1780311030624285438,/move_base-3-1780311030.624285438,1,This goal has been accepted by the simple action server
1780311038847113590,623,1780311038846705039,,1780311030624285438,/move_base-3-1780311030.624285438,1,This goal has been accepted by the simple action server
1780311039053698464,624,1780311039048309384,,1780311030624285438,/move_base-3-1780311030.624285438,1,This goal has been accepted by the simple action server
1780311039248295515,625,1780311039246688916,,1780311030624285438,/move_base-3-1780311030.624285438,1,This goal has been accepted by the simple action server
1780311039447091463,626,1780311039446663120,,1780311030624285438,/move_base-3-1780311030.624285438,1,This goal has been accepted by the simple action server
1780311039647035927,627,1780311039646665866,,1780311030624285438,/move_base-3-1780311030.624285438,1,This goal has been accepted by the simple action server
1780311039847074767,628,1780311039846662050,,1780311030624285438,/move_base-3-1780311030.624285438,1,This goal has been accepted by the simple action server
1780311040047665547,629,1780311040046840841,,1780311030624285438,/move_base-3-1780311030.624285438,1,This goal has been accepted by the simple action server
1780311040247183282,630,1780311040246728689,,1780311030624285438,/move_base-3-1780311030.624285438,1,This goal has been accepted by the simple action server
1780311040447272749,631,1780311040446804041,,1780311030624285438,/move_base-3-1780311030.624285438,1,This goal has been accepted by the simple action server
1780311040647351487,632,1780311040646912622,,1780311030624285438,/move_base-3-1780311030.624285438,1,This goal has been accepted by the simple action server
1780311040847138655,633,1780311040846735260,,1780311030624285438,/move_base-3-1780311030.624285438,1,This goal has been accepted by the simple action server
1780311041047254424,634,1780311041046664411,,1780311030624285438,/move_base-3-1780311030.624285438,1,This goal has been accepted by the simple action server
1780311041247050968,635,1780311041246665126,,1780311030624285438,/move_base-3-1780311030.624285438,1,This goal has been accepted by the simple action server
1780311041447177727,636,1780311041446675372,,1780311030624285438,/move_base-3-1780311030.624285438,1,This goal has been accepted by the simple action server
1780311041647157452,637,1780311041646713014,,1780311030624285438,/move_base-3-1780311030.624285438,1,This goal has been accepted by the simple action server
1780311041847167646,638,1780311041846660811,,1780311030624285438,/move_base-3-1780311030.624285438,1,This goal has been accepted by the simple action server
1780311042047162162,639,1780311042046737986,,1780311030624285438,/move_base-3-1780311030.624285438,1,This goal has been accepted by the simple action server
1780311042247131158,640,1780311042246668543,,1780311030624285438,/move_base-3-1780311030.624285438,1,This goal has been accepted by the simple action server
1780311042447163956,641,1780311042446672800,,1780311030624285438,/move_base-3-1780311030.624285438,1,This goal has been accepted by the simple action server
1780311042647126233,642,1780311042646674556,,1780311030624285438,/move_base-3-1780311030.624285438,1,This goal has been accepted by the simple action server
1780311042854381122,643,1780311042853688242,,1780311030624285438,/move_base-3-1780311030.624285438,1,This goal has been accepted by the simple action server
1780311043047257717,644,1780311043046780311,,1780311030624285438,/move_base-3-1780311030.624285438,1,This goal has been accepted by the simple action server
1780311043246976967,645,1780311043246689357,,1780311030624285438,/move_base-3-1780311030.624285438,1,This goal has been accepted by the simple action server
1780311043447840722,646,1780311043446997058,,1780311030624285438,/move_base-3-1780311030.624285438,1,This goal has been accepted by the simple action server
1780311043647200225,647,1780311043646763288,,1780311030624285438,/move_base-3-1780311030.624285438,1,This goal has been accepted by the simple action server
1780311043850570599,648,1780311043849921261,,1780311030624285438,/move_base-3-1780311030.624285438,1,This goal has been accepted by the simple action server
1780311044047088683,649,1780311044046679195,,1780311030624285438,/move_base-3-1780311030.624285438,1,This goal has been accepted by the simple action server
1780311044247129815,650,1780311044246687566,,1780311030624285438,/move_base-3-1780311030.624285438,1,This goal has been accepted by the simple action server
1780311044447057924,651,1780311044446723281,,1780311030624285438,/move_base-3-1780311030.624285438,1,This goal has been accepted by the simple action server
1780311044647451148,652,1780311044646746080,,1780311030624285438,/move_base-3-1780311030.624285438,1,This goal has been accepted by the simple action server
1780311044849914835,653,1780311044846669449,,1780311030624285438,/move_base-3-1780311030.624285438,1,This goal has been accepted by the simple action server
1780311045047107205,654,1780311045046676153,,1780311030624285438,/move_base-3-1780311030.624285438,1,This goal has been accepted by the simple action server
1780311045247558138,655,1780311045246946666,,1780311030624285438,/move_base-3-1780311030.624285438,1,This goal has been accepted by the simple action server
1780311045447061862,656,1780311045446786335,,1780311030624285438,/move_base-3-1780311030.624285438,1,This goal has been accepted by the simple action server
1780311045647245394,657,1780311045646813197,,1780311030624285438,/move_base-3-1780311030.624285438,1,This goal has been accepted by the simple action server
1780311045847025166,658,1780311045846675002,,1780311030624285438,/move_base-3-1780311030.624285438,1,This goal has been accepted by the simple action server
1780311046048050123,659,1780311046046949785,,1780311030624285438,/move_base-3-1780311030.624285438,1,This goal has been accepted by the simple action server
1780311046247107535,660,1780311046246661379,,1780311030624285438,/move_base-3-1780311030.624285438,1,This goal has been accepted by the simple action server
1780311046447014133,661,1780311046446685219,,1780311030624285438,/move_base-3-1780311030.624285438,1,This goal has been accepted by the simple action server
1780311046646970836,662,1780311046646658694,,1780311030624285438,/move_base-3-1780311030.624285438,1,This goal has been accepted by the simple action server
1780311046847125409,663,1780311046846672169,,1780311030624285438,/move_base-3-1780311030.624285438,1,This goal has been accepted by the simple action server
1780311047047097373,664,1780311047046665592,,1780311030624285438,/move_base-3-1780311030.624285438,1,This goal has been accepted by the simple action server
1780311047247361166,665,1780311047246935532,,1780311030624285438,/move_base-3-1780311030.624285438,1,This goal has been accepted by the simple action server
1780311047447121459,666,1780311047446635094,,1780311030624285438,/move_base-3-1780311030.624285438,1,This goal has been accepted by the simple action server
1780311047647303688,667,1780311047646877481,,1780311030624285438,/move_base-3-1780311030.624285438,1,This goal has been accepted by the simple action server
1780311047847009344,668,1780311047846662253,,1780311030624285438,/move_base-3-1780311030.624285438,1,This goal has been accepted by the simple action server
1780311048047154021,669,1780311048046678072,,1780311030624285438,/move_base-3-1780311030.624285438,1,This goal has been accepted by the simple action server
1780311048261881057,670,1780311048260930619,,1780311030624285438,/move_base-3-1780311030.624285438,1,This goal has been accepted by the simple action server
1780311048447102897,671,1780311048446693512,,1780311030624285438,/move_base-3-1780311030.624285438,1,This goal has been accepted by the simple action server
1780311048647138196,672,1780311048646667039,,1780311030624285438,/move_base-3-1780311030.624285438,1,This goal has been accepted by the simple action server
1780311048847083128,673,1780311048846677181,,1780311030624285438,/move_base-3-1780311030.624285438,1,This goal has been accepted by the simple action server
1780311049047003476,674,1780311049046661125,,1780311030624285438,/move_base-3-1780311030.624285438,1,This goal has been accepted by the simple action server
1780311049249739669,675,1780311049246802311,,1780311030624285438,/move_base-3-1780311030.624285438,1,This goal has been accepted by the simple action server
1780311049447055636,676,1780311049446678440,,1780311030624285438,/move_base-3-1780311030.624285438,1,This goal has been accepted by the simple action server
1780311049646986505,677,1780311049646665300,,1780311030624285438,/move_base-3-1780311030.624285438,1,This goal has been accepted by the simple action server
1780311049848761687,678,1780311049846693047,,1780311030624285438,/move_base-3-1780311030.624285438,1,This goal has been accepted by the simple action server
1780311050047250389,679,1780311050046822566,,1780311030624285438,/move_base-3-1780311030.624285438,1,This goal has been accepted by the simple action server
1780311050246915679,680,1780311050246650725,,1780311030624285438,/move_base-3-1780311030.624285438,1,This goal has been accepted by the simple action server
1780311050447198692,681,1780311050446776287,,1780311030624285438,/move_base-3-1780311030.624285438,1,This goal has been accepted by the simple action server
1780311050647031903,682,1780311050646660072,,1780311030624285438,/move_base-3-1780311030.624285438,1,This goal has been accepted by the simple action server
1780311050847128557,683,1780311050846683808,,1780311030624285438,/move_base-3-1780311030.624285438,1,This goal has been accepted by the simple action server
1780311051046967237,684,1780311051046663741,,1780311030624285438,/move_base-3-1780311030.624285438,1,This goal has been accepted by the simple action server
1780311051247021026,685,1780311051246703050,,1780311030624285438,/move_base-3-1780311030.624285438,1,This goal has been accepted by the simple action server
1780311051460799708,686,1780311051459877656,,1780311030624285438,/move_base-3-1780311030.624285438,1,This goal has been accepted by the simple action server
1780311051647187095,687,1780311051646683646,,1780311030624285438,/move_base-3-1780311030.624285438,1,This goal has been accepted by the simple action server
1780311051847007180,688,1780311051846690559,,1780311030624285438,/move_base-3-1780311030.624285438,1,This goal has been accepted by the simple action server
1780311052049385501,689,1780311052046730493,,1780311030624285438,/move_base-3-1780311030.624285438,1,This goal has been accepted by the simple action server
1780311052246986526,690,1780311052246666675,,1780311030624285438,/move_base-3-1780311030.624285438,1,This goal has been accepted by the simple action server
1780311052447748247,691,1780311052447234642,,1780311030624285438,/move_base-3-1780311030.624285438,1,This goal has been accepted by the simple action server
1780311052646994622,692,1780311052646657531,,1780311030624285438,/move_base-3-1780311030.624285438,1,This goal has been accepted by the simple action server
1780311052847012577,693,1780311052846695591,,1780311030624285438,/move_base-3-1780311030.624285438,1,This goal has been accepted by the simple action server
1780311053047064855,694,1780311053046653700,,1780311030624285438,/move_base-3-1780311030.624285438,1,This goal has been accepted by the simple action server
1780311053247006923,695,1780311053246656498,,1780311030624285438,/move_base-3-1780311030.624285438,1,This goal has been accepted by the simple action server
1780311053447661246,696,1780311053446673047,,1780311030624285438,/move_base-3-1780311030.624285438,1,This goal has been accepted by the simple action server
1780311053648414895,697,1780311053646753399,,1780311030624285438,/move_base-3-1780311030.624285438,1,This goal has been accepted by the simple action server
1780311053849920539,698,1780311053849464123,,1780311030624285438,/move_base-3-1780311030.624285438,1,This goal has been accepted by the simple action server
1780311054049446399,699,1780311054046681701,,1780311030624285438,/move_base-3-1780311030.624285438,1,This goal has been accepted by the simple action server
1780311054247167844,700,1780311054246692312,,1780311030624285438,/move_base-3-1780311030.624285438,1,This goal has been accepted by the simple action server
1780311054447195955,701,1780311054446756726,,1780311030624285438,/move_base-3-1780311030.624285438,1,This goal has been accepted by the simple action server
1780311054651485673,702,1780311054650278094,,1780311030624285438,/move_base-3-1780311030.624285438,1,This goal has been accepted by the simple action server
1780311054847219885,703,1780311054846706280,,1780311030624285438,/move_base-3-1780311030.624285438,1,This goal has been accepted by the simple action server
1780311055047094607,704,1780311055046662983,,1780311030624285438,/move_base-3-1780311030.624285438,1,This goal has been accepted by the simple action server
1780311055247320588,705,1780311055246644583,,1780311030624285438,/move_base-3-1780311030.624285438,1,This goal has been accepted by the simple action server
1780311055447045984,706,1780311055446688892,,1780311030624285438,/move_base-3-1780311030.624285438,1,This goal has been accepted by the simple action server
1780311055647119877,707,1780311055646663408,,1780311030624285438,/move_base-3-1780311030.624285438,1,This goal has been accepted by the simple action server
1780311055850199672,708,1780311055847882744,,1780311030624285438,/move_base-3-1780311030.624285438,1,This goal has been accepted by the simple action server
1780311056047098441,709,1780311056046675359,,1780311030624285438,/move_base-3-1780311030.624285438,1,This goal has been accepted by the simple action server
1780311056247204731,710,1780311056246736127,,1780311030624285438,/move_base-3-1780311030.624285438,1,This goal has been accepted by the simple action server
1780311056470617902,711,1780311056447927963,,1780311030624285438,/move_base-3-1780311030.624285438,1,This goal has been accepted by the simple action server
1780311056651801577,712,1780311056646669482,,1780311030624285438,/move_base-3-1780311030.624285438,1,This goal has been accepted by the simple action server
1780311056847351566,713,1780311056846798325,,1780311030624285438,/move_base-3-1780311030.624285438,1,This goal has been accepted by the simple action server
1780311057047445929,714,1780311057046715392,,1780311030624285438,/move_base-3-1780311030.624285438,1,This goal has been accepted by the simple action server
1780311057247707275,715,1780311057246664543,,1780311030624285438,/move_base-3-1780311030.624285438,1,This goal has been accepted by the simple action server
1780311057447303032,716,1780311057446892346,,1780311030624285438,/move_base-3-1780311030.624285438,1,This goal has been accepted by the simple action server
1780311057647088065,717,1780311057646672118,,1780311030624285438,/move_base-3-1780311030.624285438,1,This goal has been accepted by the simple action server
1780311057847007268,718,1780311057846670958,,1780311030624285438,/move_base-3-1780311030.624285438,1,This goal has been accepted by the simple action server
1780311058047106110,719,1780311058046687298,,1780311030624285438,/move_base-3-1780311030.624285438,1,This goal has been accepted by the simple action server
1780311058247114405,720,1780311058246662062,,1780311030624285438,/move_base-3-1780311030.624285438,1,This goal has been accepted by the simple action server
1780311058446995293,721,1780311058446662794,,1780311030624285438,/move_base-3-1780311030.624285438,1,This goal has been accepted by the simple action server
1780311058647588211,722,1780311058647085295,,1780311030624285438,/move_base-3-1780311030.624285438,1,This goal has been accepted by the simple action server
1780311058847135662,723,1780311058846712798,,1780311030624285438,/move_base-3-1780311030.624285438,1,This goal has been accepted by the simple action server
1780311059047090717,724,1780311059046658895,,1780311030624285438,/move_base-3-1780311030.624285438,1,This goal has been accepted by the simple action server
1780311059247039261,725,1780311059246675095,,1780311030624285438,/move_base-3-1780311030.624285438,1,This goal has been accepted by the simple action server
1780311059447044523,726,1780311059446664160,,1780311030624285438,/move_base-3-1780311030.624285438,1,This goal has been accepted by the simple action server
1780311059647132390,727,1780311059646654370,,1780311030624285438,/move_base-3-1780311030.624285438,1,This goal has been accepted by the simple action server
1780311059855590079,728,1780311059852943471,,1780311030624285438,/move_base-3-1780311030.624285438,1,This goal has been accepted by the simple action server
1780311060047817445,729,1780311060047260259,,1780311030624285438,/move_base-3-1780311030.624285438,1,This goal has been accepted by the simple action server
1780311060247526354,730,1780311060246680575,,1780311030624285438,/move_base-3-1780311030.624285438,1,This goal has been accepted by the simple action server
1780311060446990212,731,1780311060446663026,,1780311030624285438,/move_base-3-1780311030.624285438,1,This goal has been accepted by the simple action server
1780311060647101100,732,1780311060646668393,,1780311030624285438,/move_base-3-1780311030.624285438,1,This goal has been accepted by the simple action server
1780311060849465783,733,1780311060846656624,,1780311030624285438,/move_base-3-1780311030.624285438,1,This goal has been accepted by the simple action server
1780311061047237250,734,1780311061046680793,,1780311030624285438,/move_base-3-1780311030.624285438,1,This goal has been accepted by the simple action server
1780311061247015326,735,1780311061246652618,,1780311030624285438,/move_base-3-1780311030.624285438,1,This goal has been accepted by the simple action server
1780311061448277929,736,1780311061447827513,,1780311030624285438,/move_base-3-1780311030.624285438,1,This goal has been accepted by the simple action server
1780311061650257301,737,1780311061646682571,,1780311030624285438,/move_base-3-1780311030.624285438,1,This goal has been accepted by the simple action server
1780311061850236574,738,1780311061847515384,,1780311030624285438,/move_base-3-1780311030.624285438,1,This goal has been accepted by the simple action server
1780311062046955023,739,1780311062046658721,,1780311030624285438,/move_base-3-1780311030.624285438,1,This goal has been accepted by the simple action server
1780311062247042785,740,1780311062246665755,,1780311030624285438,/move_base-3-1780311030.624285438,1,This goal has been accepted by the simple action server
1780311062446987215,741,1780311062446648362,,1780311030624285438,/move_base-3-1780311030.624285438,1,This goal has been accepted by the simple action server
1780311062647064769,742,1780311062646694874,,1780311030624285438,/move_base-3-1780311030.624285438,1,This goal has been accepted by the simple action server
1780311062849627369,743,1780311062846673158,,1780311030624285438,/move_base-3-1780311030.624285438,1,This goal has been accepted by the simple action server
1780311063047043211,744,1780311063046660296,,1780311030624285438,/move_base-3-1780311030.624285438,1,This goal has been accepted by the simple action server
1780311063248860084,745,1780311063248400502,,1780311030624285438,/move_base-3-1780311030.624285438,1,This goal has been accepted by the simple action server
1780311063447073424,746,1780311063446670352,,1780311030624285438,/move_base-3-1780311030.624285438,1,This goal has been accepted by the simple action server
1780311063649289098,747,1780311063648778214,,1780311030624285438,/move_base-3-1780311030.624285438,1,This goal has been accepted by the simple action server
1780311063847038377,748,1780311063846679420,,1780311030624285438,/move_base-3-1780311030.624285438,1,This goal has been accepted by the simple action server
1780311064047108796,749,1780311064046659786,,1780311030624285438,/move_base-3-1780311030.624285438,1,This goal has been accepted by the simple action server
1780311064247508224,750,1780311064246665101,,1780311030624285438,/move_base-3-1780311030.624285438,1,This goal has been accepted by the simple action server
1780311064448218485,751,1780311064446678385,,1780311030624285438,/move_base-3-1780311030.624285438,1,This goal has been accepted by the simple action server
1780311064650360617,752,1780311064647502656,,1780311030624285438,/move_base-3-1780311030.624285438,1,This goal has been accepted by the simple action server
1780311064847226149,753,1780311064846704014,,1780311030624285438,/move_base-3-1780311030.624285438,1,This goal has been accepted by the simple action server
1780311065047089901,754,1780311065046713913,,1780311030624285438,/move_base-3-1780311030.624285438,1,This goal has been accepted by the simple action server
1780311065247052352,755,1780311065246683030,,1780311030624285438,/move_base-3-1780311030.624285438,1,This goal has been accepted by the simple action server
1780311065447043916,756,1780311065446670115,,1780311030624285438,/move_base-3-1780311030.624285438,1,This goal has been accepted by the simple action server
1780311065648116104,757,1780311065646661159,,1780311030624285438,/move_base-3-1780311030.624285438,1,This goal has been accepted by the simple action server
1780311065847003452,758,1780311065846653089,,1780311030624285438,/move_base-3-1780311030.624285438,1,This goal has been accepted by the simple action server
1780311066047075278,759,1780311066046669445,,1780311030624285438,/move_base-3-1780311030.624285438,1,This goal has been accepted by the simple action server
1780311066247023405,760,1780311066246664448,,1780311030624285438,/move_base-3-1780311030.624285438,1,This goal has been accepted by the simple action server
1780311066447016428,761,1780311066446655700,,1780311030624285438,/move_base-3-1780311030.624285438,1,This goal has been accepted by the simple action server
1780311066646991170,762,1780311066646661223,,1780311030624285438,/move_base-3-1780311030.624285438,1,This goal has been accepted by the simple action server
1780311066847137891,763,1780311066846680184,,1780311030624285438,/move_base-3-1780311030.624285438,1,This goal has been accepted by the simple action server
1780311067047284664,764,1780311067046839665,,1780311030624285438,/move_base-3-1780311030.624285438,1,This goal has been accepted by the simple action server
1780311067247921227,765,1780311067247449926,,1780311030624285438,/move_base-3-1780311030.624285438,1,This goal has been accepted by the simple action server
1780311067447244877,766,1780311067446727639,,1780311030624285438,/move_base-3-1780311030.624285438,1,This goal has been accepted by the simple action server
1780311067647008317,767,1780311067646661339,,1780311030624285438,/move_base-3-1780311030.624285438,1,This goal has been accepted by the simple action server
1780311067847029674,768,1780311067846649779,,1780311030624285438,/move_base-3-1780311030.624285438,1,This goal has been accepted by the simple action server
1780311068048181965,769,1780311068047809205,,1780311030624285438,/move_base-3-1780311030.624285438,1,This goal has been accepted by the simple action server
1780311068247013012,770,1780311068246660929,,1780311030624285438,/move_base-3-1780311030.624285438,1,This goal has been accepted by the simple action server
1780311068447056920,771,1780311068446670150,,1780311030624285438,/move_base-3-1780311030.624285438,1,This goal has been accepted by the simple action server
1780311068649086292,772,1780311068648682700,,1780311030624285438,/move_base-3-1780311030.624285438,1,This goal has been accepted by the simple action server
1780311068852029777,773,1780311068846691665,,1780311030624285438,/move_base-3-1780311030.624285438,1,This goal has been accepted by the simple action server
1780311069047711613,774,1780311069047122552,,1780311030624285438,/move_base-3-1780311030.624285438,1,This goal has been accepted by the simple action server
1780311069247054378,775,1780311069246689326,,1780311030624285438,/move_base-3-1780311030.624285438,1,This goal has been accepted by the simple action server
1780311069447055838,776,1780311069446684329,,1780311030624285438,/move_base-3-1780311030.624285438,1,This goal has been accepted by the simple action server
1780311069646973341,777,1780311069646654904,,1780311030624285438,/move_base-3-1780311030.624285438,1,This goal has been accepted by the simple action server
1780311069847110582,778,1780311069846649959,,1780311030624285438,/move_base-3-1780311030.624285438,1,This goal has been accepted by the simple action server
1780311070047128762,779,1780311070046684440,,1780311030624285438,/move_base-3-1780311030.624285438,1,This goal has been accepted by the simple action server
1780311070247596471,780,1780311070246855640,,1780311030624285438,/move_base-3-1780311030.624285438,1,This goal has been accepted by the simple action server
1780311070449803707,781,1780311070446716945,,1780311030624285438,/move_base-3-1780311030.624285438,1,This goal has been accepted by the simple action server
1780311070647084342,782,1780311070646667416,,1780311030624285438,/move_base-3-1780311030.624285438,1,This goal has been accepted by the simple action server
1780311070852000998,783,1780311070846678772,,1780311030624285438,/move_base-3-1780311030.624285438,1,This goal has been accepted by the simple action server
1780311071047093878,784,1780311071046683254,,1780311030624285438,/move_base-3-1780311030.624285438,1,This goal has been accepted by the simple action server
1780311071256314273,785,1780311071255936617,,1780311030624285438,/move_base-3-1780311030.624285438,1,This goal has been accepted by the simple action server
1780311071446988830,786,1780311071446651800,,1780311030624285438,/move_base-3-1780311030.624285438,1,This goal has been accepted by the simple action server
1780311071646993364,787,1780311071646716073,,1780311030624285438,/move_base-3-1780311030.624285438,1,This goal has been accepted by the simple action server
1780311071847026856,788,1780311071846673471,,1780311030624285438,/move_base-3-1780311030.624285438,1,This goal has been accepted by the simple action server
1780311072047184827,789,1780311072046726911,,1780311030624285438,/move_base-3-1780311030.624285438,1,This goal has been accepted by the simple action server
1780311072248204045,790,1780311072247055090,,1780311030624285438,/move_base-3-1780311030.624285438,1,This goal has been accepted by the simple action server
1780311072429948366,791,1780311072420255891,,1780311030624285438,/move_base-3-1780311030.624285438,2,This goal was canceled because another goal was recieved by the simple action server,1780311072362629894,/move_base-4-1780311072.362629894,0,
1780311072429988730,792,1780311072420336203,,1780311030624285438,/move_base-3-1780311030.624285438,2,This goal was canceled because another goal was recieved by the simple action server,1780311072362629894,/move_base-4-1780311072.362629894,1,This goal has been accepted by the simple action server
1780311072447098946,793,1780311072446670510,,1780311030624285438,/move_base-3-1780311030.624285438,2,This goal was canceled because another goal was recieved by the simple action server,1780311072362629894,/move_base-4-1780311072.362629894,1,This goal has been accepted by the simple action server
1780311072647271865,794,1780311072646867387,,1780311030624285438,/move_base-3-1780311030.624285438,2,This goal was canceled because another goal was recieved by the simple action server,1780311072362629894,/move_base-4-1780311072.362629894,1,This goal has been accepted by the simple action server
1780311072847270929,795,1780311072846733848,,1780311030624285438,/move_base-3-1780311030.624285438,2,This goal was canceled because another goal was recieved by the simple action server,1780311072362629894,/move_base-4-1780311072.362629894,1,This goal has been accepted by the simple action server
1780311073047124943,796,1780311073046676610,,1780311030624285438,/move_base-3-1780311030.624285438,2,This goal was canceled because another goal was recieved by the simple action server,1780311072362629894,/move_base-4-1780311072.362629894,1,This goal has been accepted by the simple action server
1780311073247058643,797,1780311073246655207,,1780311030624285438,/move_base-3-1780311030.624285438,2,This goal was canceled because another goal was recieved by the simple action server,1780311072362629894,/move_base-4-1780311072.362629894,1,This goal has been accepted by the simple action server
1780311073450788584,798,1780311073450479105,,1780311030624285438,/move_base-3-1780311030.624285438,2,This goal was canceled because another goal was recieved by the simple action server,1780311072362629894,/move_base-4-1780311072.362629894,1,This goal has been accepted by the simple action server
1780311073647278126,799,1780311073646669170,,1780311030624285438,/move_base-3-1780311030.624285438,2,This goal was canceled because another goal was recieved by the simple action server,1780311072362629894,/move_base-4-1780311072.362629894,1,This goal has been accepted by the simple action server
1780311073847175108,800,1780311073846686672,,1780311030624285438,/move_base-3-1780311030.624285438,2,This goal was canceled because another goal was recieved by the simple action server,1780311072362629894,/move_base-4-1780311072.362629894,1,This goal has been accepted by the simple action server
1780311074047136361,801,1780311074046648028,,1780311030624285438,/move_base-3-1780311030.624285438,2,This goal was canceled because another goal was recieved by the simple action server,1780311072362629894,/move_base-4-1780311072.362629894,1,This goal has been accepted by the simple action server
1780311074247202873,802,1780311074246670270,,1780311030624285438,/move_base-3-1780311030.624285438,2,This goal was canceled because another goal was recieved by the simple action server,1780311072362629894,/move_base-4-1780311072.362629894,1,This goal has been accepted by the simple action server
1780311074447050480,803,1780311074446656731,,1780311030624285438,/move_base-3-1780311030.624285438,2,This goal was canceled because another goal was recieved by the simple action server,1780311072362629894,/move_base-4-1780311072.362629894,1,This goal has been accepted by the simple action server
1780311074650843806,804,1780311074646703764,,1780311030624285438,/move_base-3-1780311030.624285438,2,This goal was canceled because another goal was recieved by the simple action server,1780311072362629894,/move_base-4-1780311072.362629894,1,This goal has been accepted by the simple action server
1780311074847477463,805,1780311074846693663,,1780311030624285438,/move_base-3-1780311030.624285438,2,This goal was canceled because another goal was recieved by the simple action server,1780311072362629894,/move_base-4-1780311072.362629894,1,This goal has been accepted by the simple action server
1780311075047771214,806,1780311075047117831,,1780311030624285438,/move_base-3-1780311030.624285438,2,This goal was canceled because another goal was recieved by the simple action server,1780311072362629894,/move_base-4-1780311072.362629894,1,This goal has been accepted by the simple action server
1780311075248005799,807,1780311075246767365,,1780311030624285438,/move_base-3-1780311030.624285438,2,This goal was canceled because another goal was recieved by the simple action server,1780311072362629894,/move_base-4-1780311072.362629894,1,This goal has been accepted by the simple action server
1780311075447178460,808,1780311075446677993,,1780311030624285438,/move_base-3-1780311030.624285438,2,This goal was canceled because another goal was recieved by the simple action server,1780311072362629894,/move_base-4-1780311072.362629894,1,This goal has been accepted by the simple action server
1780311075647124348,809,1780311075646677005,,1780311030624285438,/move_base-3-1780311030.624285438,2,This goal was canceled because another goal was recieved by the simple action server,1780311072362629894,/move_base-4-1780311072.362629894,1,This goal has been accepted by the simple action server
1780311075847799661,810,1780311075846691174,,1780311030624285438,/move_base-3-1780311030.624285438,2,This goal was canceled because another goal was recieved by the simple action server,1780311072362629894,/move_base-4-1780311072.362629894,1,This goal has been accepted by the simple action server
1780311076047005447,811,1780311076046627375,,1780311030624285438,/move_base-3-1780311030.624285438,2,This goal was canceled because another goal was recieved by the simple action server,1780311072362629894,/move_base-4-1780311072.362629894,1,This goal has been accepted by the simple action server
1780311076247258001,812,1780311076246668575,,1780311030624285438,/move_base-3-1780311030.624285438,2,This goal was canceled because another goal was recieved by the simple action server,1780311072362629894,/move_base-4-1780311072.362629894,1,This goal has been accepted by the simple action server
1780311076447128993,813,1780311076446707848,,1780311030624285438,/move_base-3-1780311030.624285438,2,This goal was canceled because another goal was recieved by the simple action server,1780311072362629894,/move_base-4-1780311072.362629894,1,This goal has been accepted by the simple action server
1780311076647266182,814,1780311076646669621,,1780311030624285438,/move_base-3-1780311030.624285438,2,This goal was canceled because another goal was recieved by the simple action server,1780311072362629894,/move_base-4-1780311072.362629894,1,This goal has been accepted by the simple action server
1780311076847235872,815,1780311076846803946,,1780311030624285438,/move_base-3-1780311030.624285438,2,This goal was canceled because another goal was recieved by the simple action server,1780311072362629894,/move_base-4-1780311072.362629894,1,This goal has been accepted by the simple action server
1780311077047315770,816,1780311077046675563,,1780311030624285438,/move_base-3-1780311030.624285438,2,This goal was canceled because another goal was recieved by the simple action server,1780311072362629894,/move_base-4-1780311072.362629894,1,This goal has been accepted by the simple action server
1780311077247172544,817,1780311077246681139,,1780311030624285438,/move_base-3-1780311030.624285438,2,This goal was canceled because another goal was recieved by the simple action server,1780311072362629894,/move_base-4-1780311072.362629894,1,This goal has been accepted by the simple action server
1780311077447072130,818,1780311077446668485,,1780311030624285438,/move_base-3-1780311030.624285438,2,This goal was canceled because another goal was recieved by the simple action server,1780311072362629894,/move_base-4-1780311072.362629894,1,This goal has been accepted by the simple action server
1780311077647566818,819,1780311077646972028,,1780311072362629894,/move_base-4-1780311072.362629894,1,This goal has been accepted by the simple action server
1780311077847254634,820,1780311077846781875,,1780311072362629894,/move_base-4-1780311072.362629894,1,This goal has been accepted by the simple action server
1780311078047140730,821,1780311078046720835,,1780311072362629894,/move_base-4-1780311072.362629894,1,This goal has been accepted by the simple action server
1780311078246948806,822,1780311078246651619,,1780311072362629894,/move_base-4-1780311072.362629894,1,This goal has been accepted by the simple action server
1780311078457127167,823,1780311078456097066,,1780311072362629894,/move_base-4-1780311072.362629894,1,This goal has been accepted by the simple action server
1780311078647053342,824,1780311078646672926,,1780311072362629894,/move_base-4-1780311072.362629894,1,This goal has been accepted by the simple action server
1780311078847078344,825,1780311078846683814,,1780311072362629894,/move_base-4-1780311072.362629894,1,This goal has been accepted by the simple action server
1780311079047210273,826,1780311079046661368,,1780311072362629894,/move_base-4-1780311072.362629894,1,This goal has been accepted by the simple action server
1780311079247034338,827,1780311079246699547,,1780311072362629894,/move_base-4-1780311072.362629894,1,This goal has been accepted by the simple action server
1780311079449034700,828,1780311079448477618,,1780311072362629894,/move_base-4-1780311072.362629894,1,This goal has been accepted by the simple action server
1780311079647314707,829,1780311079646822677,,1780311072362629894,/move_base-4-1780311072.362629894,1,This goal has been accepted by the simple action server
1780311079847022887,830,1780311079846705336,,1780311072362629894,/move_base-4-1780311072.362629894,1,This goal has been accepted by the simple action server
1780311080047145024,831,1780311080046804192,,1780311072362629894,/move_base-4-1780311072.362629894,1,This goal has been accepted by the simple action server
1780311080247032162,832,1780311080246612684,,1780311072362629894,/move_base-4-1780311072.362629894,1,This goal has been accepted by the simple action server
1780311080447257841,833,1780311080446666332,,1780311072362629894,/move_base-4-1780311072.362629894,1,This goal has been accepted by the simple action server
1780311080646958261,834,1780311080646657533,,1780311072362629894,/move_base-4-1780311072.362629894,1,This goal has been accepted by the simple action server
1780311080846989722,835,1780311080846700556,,1780311072362629894,/move_base-4-1780311072.362629894,1,This goal has been accepted by the simple action server
1780311081047195348,836,1780311081046676756,,1780311072362629894,/move_base-4-1780311072.362629894,1,This goal has been accepted by the simple action server
1780311081247076601,837,1780311081246664102,,1780311072362629894,/move_base-4-1780311072.362629894,1,This goal has been accepted by the simple action server
1780311081447189572,838,1780311081446654730,,1780311072362629894,/move_base-4-1780311072.362629894,1,This goal has been accepted by the simple action server
1780311081648287644,839,1780311081646687857,,1780311072362629894,/move_base-4-1780311072.362629894,1,This goal has been accepted by the simple action server
1780311081847181608,840,1780311081846680203,,1780311072362629894,/move_base-4-1780311072.362629894,1,This goal has been accepted by the simple action server
1780311082047056142,841,1780311082046666351,,1780311072362629894,/move_base-4-1780311072.362629894,1,This goal has been accepted by the simple action server
1780311082247915256,842,1780311082246705468,,1780311072362629894,/move_base-4-1780311072.362629894,1,This goal has been accepted by the simple action server
1780311082447437343,843,1780311082446759376,,1780311072362629894,/move_base-4-1780311072.362629894,1,This goal has been accepted by the simple action server
1780311082647167190,844,1780311082646671098,,1780311072362629894,/move_base-4-1780311072.362629894,1,This goal has been accepted by the simple action server
1780311082847266723,845,1780311082846668288,,1780311072362629894,/move_base-4-1780311072.362629894,1,This goal has been accepted by the simple action server
1780311083046980268,846,1780311083046665998,,1780311072362629894,/move_base-4-1780311072.362629894,1,This goal has been accepted by the simple action server
1780311083247002250,847,1780311083246668761,,1780311072362629894,/move_base-4-1780311072.362629894,1,This goal has been accepted by the simple action server
1780311083447246574,848,1780311083446689128,,1780311072362629894,/move_base-4-1780311072.362629894,1,This goal has been accepted by the simple action server
1780311083650002819,849,1780311083647461993,,1780311072362629894,/move_base-4-1780311072.362629894,1,This goal has been accepted by the simple action server
1780311083847278141,850,1780311083846688612,,1780311072362629894,/move_base-4-1780311072.362629894,1,This goal has been accepted by the simple action server
1780311084047436008,851,1780311084046679864,,1780311072362629894,/move_base-4-1780311072.362629894,1,This goal has been accepted by the simple action server
1780311084247002001,852,1780311084246657783,,1780311072362629894,/move_base-4-1780311072.362629894,1,This goal has been accepted by the simple action server
1780311084447135545,853,1780311084446680181,,1780311072362629894,/move_base-4-1780311072.362629894,1,This goal has been accepted by the simple action server
1780311084646998204,854,1780311084646679767,,1780311072362629894,/move_base-4-1780311072.362629894,1,This goal has been accepted by the simple action server
1780311084846954716,855,1780311084846658311,,1780311072362629894,/move_base-4-1780311072.362629894,1,This goal has been accepted by the simple action server
1780311085047124354,856,1780311085046663990,,1780311072362629894,/move_base-4-1780311072.362629894,1,This goal has been accepted by the simple action server
1780311085248270447,857,1780311085246670399,,1780311072362629894,/move_base-4-1780311072.362629894,1,This goal has been accepted by the simple action server
1780311085447054619,858,1780311085446672693,,1780311072362629894,/move_base-4-1780311072.362629894,1,This goal has been accepted by the simple action server
1780311085647091705,859,1780311085646713216,,1780311072362629894,/move_base-4-1780311072.362629894,1,This goal has been accepted by the simple action server
1780311085847279675,860,1780311085846675927,,1780311072362629894,/move_base-4-1780311072.362629894,1,This goal has been accepted by the simple action server
1780311086047760822,861,1780311086046703689,,1780311072362629894,/move_base-4-1780311072.362629894,1,This goal has been accepted by the simple action server
1780311086248384104,862,1780311086248038220,,1780311072362629894,/move_base-4-1780311072.362629894,1,This goal has been accepted by the simple action server
1780311086447067756,863,1780311086446678225,,1780311072362629894,/move_base-4-1780311072.362629894,1,This goal has been accepted by the simple action server
1780311086650609780,864,1780311086650235875,,1780311072362629894,/move_base-4-1780311072.362629894,1,This goal has been accepted by the simple action server
1780311086847115833,865,1780311086846719115,,1780311072362629894,/move_base-4-1780311072.362629894,1,This goal has been accepted by the simple action server
1780311087047063700,866,1780311087046620003,,1780311072362629894,/move_base-4-1780311072.362629894,1,This goal has been accepted by the simple action server
1780311087248033283,867,1780311087247583180,,1780311072362629894,/move_base-4-1780311072.362629894,1,This goal has been accepted by the simple action server
1780311087447133496,868,1780311087446681102,,1780311072362629894,/move_base-4-1780311072.362629894,1,This goal has been accepted by the simple action server
1780311087647148967,869,1780311087646664698,,1780311072362629894,/move_base-4-1780311072.362629894,1,This goal has been accepted by the simple action server
1780311087847618656,870,1780311087846909804,,1780311072362629894,/move_base-4-1780311072.362629894,1,This goal has been accepted by the simple action server
1780311088047124128,871,1780311088046651525,,1780311072362629894,/move_base-4-1780311072.362629894,1,This goal has been accepted by the simple action server
1780311088248738137,872,1780311088246735069,,1780311072362629894,/move_base-4-1780311072.362629894,1,This goal has been accepted by the simple action server
1780311088448210953,873,1780311088447543767,,1780311072362629894,/move_base-4-1780311072.362629894,1,This goal has been accepted by the simple action server
1780311088650439491,874,1780311088648763506,,1780311072362629894,/move_base-4-1780311072.362629894,1,This goal has been accepted by the simple action server
1780311088847521689,875,1780311088846766170,,1780311072362629894,/move_base-4-1780311072.362629894,1,This goal has been accepted by the simple action server
1780311089047176432,876,1780311089046709037,,1780311072362629894,/move_base-4-1780311072.362629894,1,This goal has been accepted by the simple action server
1780311089247659193,877,1780311089246817424,,1780311072362629894,/move_base-4-1780311072.362629894,1,This goal has been accepted by the simple action server
1780311089450383772,878,1780311089447630029,,1780311072362629894,/move_base-4-1780311072.362629894,1,This goal has been accepted by the simple action server
1780311089646938471,879,1780311089646607117,,1780311072362629894,/move_base-4-1780311072.362629894,1,This goal has been accepted by the simple action server
1780311089847026754,880,1780311089846655453,,1780311072362629894,/move_base-4-1780311072.362629894,1,This goal has been accepted by the simple action server
1780311090020745262,881,1780311090020273440,,1780311072362629894,/move_base-4-1780311072.362629894,2,This goal was canceled because another goal was recieved by the simple action server,1780311089921627706,/move_base-5-1780311089.921627706,0,
1780311090021460677,882,1780311090020310055,,1780311072362629894,/move_base-4-1780311072.362629894,2,This goal was canceled because another goal was recieved by the simple action server,1780311089921627706,/move_base-5-1780311089.921627706,1,This goal has been accepted by the simple action server
1780311090047489620,883,1780311090046669726,,1780311072362629894,/move_base-4-1780311072.362629894,2,This goal was canceled because another goal was recieved by the simple action server,1780311089921627706,/move_base-5-1780311089.921627706,1,This goal has been accepted by the simple action server
1780311090247490195,884,1780311090246720666,,1780311072362629894,/move_base-4-1780311072.362629894,2,This goal was canceled because another goal was recieved by the simple action server,1780311089921627706,/move_base-5-1780311089.921627706,1,This goal has been accepted by the simple action server
1780311090447064782,885,1780311090446719210,,1780311072362629894,/move_base-4-1780311072.362629894,2,This goal was canceled because another goal was recieved by the simple action server,1780311089921627706,/move_base-5-1780311089.921627706,1,This goal has been accepted by the simple action server
1780311090651498470,886,1780311090646775931,,1780311072362629894,/move_base-4-1780311072.362629894,2,This goal was canceled because another goal was recieved by the simple action server,1780311089921627706,/move_base-5-1780311089.921627706,1,This goal has been accepted by the simple action server
1780311090847230203,887,1780311090846664787,,1780311072362629894,/move_base-4-1780311072.362629894,2,This goal was canceled because another goal was recieved by the simple action server,1780311089921627706,/move_base-5-1780311089.921627706,1,This goal has been accepted by the simple action server
1780311091047600568,888,1780311091046678383,,1780311072362629894,/move_base-4-1780311072.362629894,2,This goal was canceled because another goal was recieved by the simple action server,1780311089921627706,/move_base-5-1780311089.921627706,1,This goal has been accepted by the simple action server
1780311091247270936,889,1780311091246682448,,1780311072362629894,/move_base-4-1780311072.362629894,2,This goal was canceled because another goal was recieved by the simple action server,1780311089921627706,/move_base-5-1780311089.921627706,1,This goal has been accepted by the simple action server
1780311091447172710,890,1780311091446650211,,1780311072362629894,/move_base-4-1780311072.362629894,2,This goal was canceled because another goal was recieved by the simple action server,1780311089921627706,/move_base-5-1780311089.921627706,1,This goal has been accepted by the simple action server
1780311091647134275,891,1780311091646671411,,1780311072362629894,/move_base-4-1780311072.362629894,2,This goal was canceled because another goal was recieved by the simple action server,1780311089921627706,/move_base-5-1780311089.921627706,1,This goal has been accepted by the simple action server
1780311091847079902,892,1780311091846673497,,1780311072362629894,/move_base-4-1780311072.362629894,2,This goal was canceled because another goal was recieved by the simple action server,1780311089921627706,/move_base-5-1780311089.921627706,1,This goal has been accepted by the simple action server
1780311092047204748,893,1780311092046695426,,1780311072362629894,/move_base-4-1780311072.362629894,2,This goal was canceled because another goal was recieved by the simple action server,1780311089921627706,/move_base-5-1780311089.921627706,1,This goal has been accepted by the simple action server
1780311092246988813,894,1780311092246659543,,1780311072362629894,/move_base-4-1780311072.362629894,2,This goal was canceled because another goal was recieved by the simple action server,1780311089921627706,/move_base-5-1780311089.921627706,1,This goal has been accepted by the simple action server
1780311092447424127,895,1780311092446761420,,1780311072362629894,/move_base-4-1780311072.362629894,2,This goal was canceled because another goal was recieved by the simple action server,1780311089921627706,/move_base-5-1780311089.921627706,1,This goal has been accepted by the simple action server
1780311092647098922,896,1780311092646660017,,1780311072362629894,/move_base-4-1780311072.362629894,2,This goal was canceled because another goal was recieved by the simple action server,1780311089921627706,/move_base-5-1780311089.921627706,1,This goal has been accepted by the simple action server
1780311092847008716,897,1780311092846661582,,1780311072362629894,/move_base-4-1780311072.362629894,2,This goal was canceled because another goal was recieved by the simple action server,1780311089921627706,/move_base-5-1780311089.921627706,1,This goal has been accepted by the simple action server
1780311093047043458,898,1780311093046658928,,1780311072362629894,/move_base-4-1780311072.362629894,2,This goal was canceled because another goal was recieved by the simple action server,1780311089921627706,/move_base-5-1780311089.921627706,1,This goal has been accepted by the simple action server
1780311093247188460,899,1780311093246759294,,1780311072362629894,/move_base-4-1780311072.362629894,2,This goal was canceled because another goal was recieved by the simple action server,1780311089921627706,/move_base-5-1780311089.921627706,1,This goal has been accepted by the simple action server
1780311093447228045,900,1780311093446697578,,1780311072362629894,/move_base-4-1780311072.362629894,2,This goal was canceled because another goal was recieved by the simple action server,1780311089921627706,/move_base-5-1780311089.921627706,1,This goal has been accepted by the simple action server
1780311093647503724,901,1780311093646715914,,1780311072362629894,/move_base-4-1780311072.362629894,2,This goal was canceled because another goal was recieved by the simple action server,1780311089921627706,/move_base-5-1780311089.921627706,1,This goal has been accepted by the simple action server
1780311093847035134,902,1780311093846666177,,1780311072362629894,/move_base-4-1780311072.362629894,2,This goal was canceled because another goal was recieved by the simple action server,1780311089921627706,/move_base-5-1780311089.921627706,1,This goal has been accepted by the simple action server
1780311094047001699,903,1780311094046653991,,1780311072362629894,/move_base-4-1780311072.362629894,2,This goal was canceled because another goal was recieved by the simple action server,1780311089921627706,/move_base-5-1780311089.921627706,1,This goal has been accepted by the simple action server
1780311094247191388,904,1780311094246681702,,1780311072362629894,/move_base-4-1780311072.362629894,2,This goal was canceled because another goal was recieved by the simple action server,1780311089921627706,/move_base-5-1780311089.921627706,1,This goal has been accepted by the simple action server
1780311094447273838,905,1780311094446694934,,1780311072362629894,/move_base-4-1780311072.362629894,2,This goal was canceled because another goal was recieved by the simple action server,1780311089921627706,/move_base-5-1780311089.921627706,1,This goal has been accepted by the simple action server
1780311094647147278,906,1780311094646709675,,1780311072362629894,/move_base-4-1780311072.362629894,2,This goal was canceled because another goal was recieved by the simple action server,1780311089921627706,/move_base-5-1780311089.921627706,1,This goal has been accepted by the simple action server
1780311094847090250,907,1780311094846716396,,1780311072362629894,/move_base-4-1780311072.362629894,2,This goal was canceled because another goal was recieved by the simple action server,1780311089921627706,/move_base-5-1780311089.921627706,1,This goal has been accepted by the simple action server
1780311095047196606,908,1780311095046681086,,1780311072362629894,/move_base-4-1780311072.362629894,2,This goal was canceled because another goal was recieved by the simple action server,1780311089921627706,/move_base-5-1780311089.921627706,1,This goal has been accepted by the simple action server
1780311095247167910,909,1780311095246744839,,1780311089921627706,/move_base-5-1780311089.921627706,1,This goal has been accepted by the simple action server
1780311095447086038,910,1780311095446663799,,1780311089921627706,/move_base-5-1780311089.921627706,1,This goal has been accepted by the simple action server
1780311095647122342,911,1780311095646725000,,1780311089921627706,/move_base-5-1780311089.921627706,1,This goal has been accepted by the simple action server
1780311095847563802,912,1780311095847004272,,1780311089921627706,/move_base-5-1780311089.921627706,1,This goal has been accepted by the simple action server
1780311096047622189,913,1780311096046710994,,1780311089921627706,/move_base-5-1780311089.921627706,1,This goal has been accepted by the simple action server
1780311096247076516,914,1780311096246662142,,1780311089921627706,/move_base-5-1780311089.921627706,1,This goal has been accepted by the simple action server
1780311096447149591,915,1780311096446767248,,1780311089921627706,/move_base-5-1780311089.921627706,1,This goal has been accepted by the simple action server
1780311096647175062,916,1780311096646724647,,1780311089921627706,/move_base-5-1780311089.921627706,1,This goal has been accepted by the simple action server
1780311096847001002,917,1780311096846659232,,1780311089921627706,/move_base-5-1780311089.921627706,1,This goal has been accepted by the simple action server
1780311097047292306,918,1780311097046742880,,1780311089921627706,/move_base-5-1780311089.921627706,1,This goal has been accepted by the simple action server
1780311097247722880,919,1780311097246686685,,1780311089921627706,/move_base-5-1780311089.921627706,1,This goal has been accepted by the simple action server
1780311097451917559,920,1780311097451385946,,1780311089921627706,/move_base-5-1780311089.921627706,1,This goal has been accepted by the simple action server
1780311097647157938,921,1780311097646677836,,1780311089921627706,/move_base-5-1780311089.921627706,1,This goal has been accepted by the simple action server
1780311097847648929,922,1780311097847138045,,1780311089921627706,/move_base-5-1780311089.921627706,1,This goal has been accepted by the simple action server
1780311098047111797,923,1780311098046746434,,1780311089921627706,/move_base-5-1780311089.921627706,1,This goal has been accepted by the simple action server
1780311098247117998,924,1780311098246738259,,1780311089921627706,/move_base-5-1780311089.921627706,1,This goal has been accepted by the simple action server
1780311098447027688,925,1780311098446664095,,1780311089921627706,/move_base-5-1780311089.921627706,1,This goal has been accepted by the simple action server
1780311098647025086,926,1780311098646685087,,1780311089921627706,/move_base-5-1780311089.921627706,1,This goal has been accepted by the simple action server
1780311098847734253,927,1780311098846678631,,1780311089921627706,/move_base-5-1780311089.921627706,1,This goal has been accepted by the simple action server
1780311099047098945,928,1780311099046655873,,1780311089921627706,/move_base-5-1780311089.921627706,1,This goal has been accepted by the simple action server
1780311099247081239,929,1780311099246667177,,1780311089921627706,/move_base-5-1780311089.921627706,1,This goal has been accepted by the simple action server
1780311099447241293,930,1780311099446673221,,1780311089921627706,/move_base-5-1780311089.921627706,1,This goal has been accepted by the simple action server
1780311099647048170,931,1780311099646734109,,1780311089921627706,/move_base-5-1780311089.921627706,1,This goal has been accepted by the simple action server
1780311099847274266,932,1780311099846717965,,1780311089921627706,/move_base-5-1780311089.921627706,1,This goal has been accepted by the simple action server
1780311100047083383,933,1780311100046655103,,1780311089921627706,/move_base-5-1780311089.921627706,1,This goal has been accepted by the simple action server
1780311100247164011,934,1780311100246671512,,1780311089921627706,/move_base-5-1780311089.921627706,1,This goal has been accepted by the simple action server
1780311100447216200,935,1780311100446695368,,1780311089921627706,/move_base-5-1780311089.921627706,1,This goal has been accepted by the simple action server
1780311100648412970,936,1780311100648061200,,1780311089921627706,/move_base-5-1780311089.921627706,1,This goal has been accepted by the simple action server
1780311100847115320,937,1780311100846665113,,1780311089921627706,/move_base-5-1780311089.921627706,1,This goal has been accepted by the simple action server
1780311101048338704,938,1780311101047827872,,1780311089921627706,/move_base-5-1780311089.921627706,1,This goal has been accepted by the simple action server
1780311101247061210,939,1780311101246691107,,1780311089921627706,/move_base-5-1780311089.921627706,1,This goal has been accepted by the simple action server
1780311101448948707,940,1780311101447464024,,1780311089921627706,/move_base-5-1780311089.921627706,1,This goal has been accepted by the simple action server
1780311101646956475,941,1780311101646647466,,1780311089921627706,/move_base-5-1780311089.921627706,1,This goal has been accepted by the simple action server
1780311101847866215,942,1780311101847354914,,1780311089921627706,/move_base-5-1780311089.921627706,1,This goal has been accepted by the simple action server
1780311102047166271,943,1780311102046672939,,1780311089921627706,/move_base-5-1780311089.921627706,1,This goal has been accepted by the simple action server
1780311102250427671,944,1780311102246729660,,1780311089921627706,/move_base-5-1780311089.921627706,1,This goal has been accepted by the simple action server
1780311102448161117,945,1780311102447557369,,1780311089921627706,/move_base-5-1780311089.921627706,1,This goal has been accepted by the simple action server
1780311102649037107,946,1780311102646669300,,1780311089921627706,/move_base-5-1780311089.921627706,1,This goal has been accepted by the simple action server
1780311102847487165,947,1780311102846683886,,1780311089921627706,/move_base-5-1780311089.921627706,1,This goal has been accepted by the simple action server
1780311103046959304,948,1780311103046658836,,1780311089921627706,/move_base-5-1780311089.921627706,1,This goal has been accepted by the simple action server
1780311103246987744,949,1780311103246665714,,1780311089921627706,/move_base-5-1780311089.921627706,1,This goal has been accepted by the simple action server
1780311103447038996,950,1780311103446656393,,1780311089921627706,/move_base-5-1780311089.921627706,1,This goal has been accepted by the simple action server
1780311103647102175,951,1780311103646678791,,1780311089921627706,/move_base-5-1780311089.921627706,1,This goal has been accepted by the simple action server
1780311103847049938,952,1780311103846681033,,1780311089921627706,/move_base-5-1780311089.921627706,1,This goal has been accepted by the simple action server
1780311104048525666,953,1780311104046750410,,1780311089921627706,/move_base-5-1780311089.921627706,1,This goal has been accepted by the simple action server
1780311104251538890,954,1780311104247533848,,1780311089921627706,/move_base-5-1780311089.921627706,1,This goal has been accepted by the simple action server
1780311104447222237,955,1780311104446745102,,1780311089921627706,/move_base-5-1780311089.921627706,1,This goal has been accepted by the simple action server
1780311104646966719,956,1780311104646634792,,1780311089921627706,/move_base-5-1780311089.921627706,1,This goal has been accepted by the simple action server
1780311104849487235,957,1780311104849025153,,1780311089921627706,/move_base-5-1780311089.921627706,1,This goal has been accepted by the simple action server
1780311105047061463,958,1780311105046664068,,1780311089921627706,/move_base-5-1780311089.921627706,1,This goal has been accepted by the simple action server
1780311105247101777,959,1780311105246678810,,1780311089921627706,/move_base-5-1780311089.921627706,1,This goal has been accepted by the simple action server
1780311105447129332,960,1780311105446713604,,1780311089921627706,/move_base-5-1780311089.921627706,1,This goal has been accepted by the simple action server
1780311105647166417,961,1780311105646696367,,1780311089921627706,/move_base-5-1780311089.921627706,1,This goal has been accepted by the simple action server
1780311105847130326,962,1780311105846716838,,1780311089921627706,/move_base-5-1780311089.921627706,1,This goal has been accepted by the simple action server
1780311106047044079,963,1780311106046678403,,1780311089921627706,/move_base-5-1780311089.921627706,1,This goal has been accepted by the simple action server
1780311106247047414,964,1780311106246691686,,1780311089921627706,/move_base-5-1780311089.921627706,1,This goal has been accepted by the simple action server
1780311106447183250,965,1780311106446713043,,1780311089921627706,/move_base-5-1780311089.921627706,1,This goal has been accepted by the simple action server
1780311106661995609,966,1780311106648946477,,1780311089921627706,/move_base-5-1780311089.921627706,1,This goal has been accepted by the simple action server
1780311106847641951,967,1780311106847119452,,1780311089921627706,/move_base-5-1780311089.921627706,1,This goal has been accepted by the simple action server
1780311107047139403,968,1780311107046670966,,1780311089921627706,/move_base-5-1780311089.921627706,1,This goal has been accepted by the simple action server
1780311107247755132,969,1780311107247108311,,1780311089921627706,/move_base-5-1780311089.921627706,1,This goal has been accepted by the simple action server
1780311107447090449,970,1780311107446665554,,1780311089921627706,/move_base-5-1780311089.921627706,1,This goal has been accepted by the simple action server
1780311107647063160,971,1780311107646669359,,1780311089921627706,/move_base-5-1780311089.921627706,1,This goal has been accepted by the simple action server
1780311107847041391,972,1780311107846698059,,1780311089921627706,/move_base-5-1780311089.921627706,1,This goal has been accepted by the simple action server
1780311108047048321,973,1780311108046681186,,1780311089921627706,/move_base-5-1780311089.921627706,1,This goal has been accepted by the simple action server
1780311108247088219,974,1780311108246665147,,1780311089921627706,/move_base-5-1780311089.921627706,1,This goal has been accepted by the simple action server
1780311108449618996,975,1780311108446685983,,1780311089921627706,/move_base-5-1780311089.921627706,1,This goal has been accepted by the simple action server
1780311108647034630,976,1780311108646657652,,1780311089921627706,/move_base-5-1780311089.921627706,1,This goal has been accepted by the simple action server
1780311108851380402,977,1780311108846664633,,1780311089921627706,/move_base-5-1780311089.921627706,1,This goal has been accepted by the simple action server
1780311109047201613,978,1780311109046666927,,1780311089921627706,/move_base-5-1780311089.921627706,1,This goal has been accepted by the simple action server
1780311109248284582,979,1780311109247744427,,1780311089921627706,/move_base-5-1780311089.921627706,1,This goal has been accepted by the simple action server
1780311109447145368,980,1780311109446722244,,1780311089921627706,/move_base-5-1780311089.921627706,1,This goal has been accepted by the simple action server
1780311109646970683,981,1780311109646660059,,1780311089921627706,/move_base-5-1780311089.921627706,1,This goal has been accepted by the simple action server
1780311109848071516,982,1780311109847489278,,1780311089921627706,/move_base-5-1780311089.921627706,1,This goal has been accepted by the simple action server
1780311110047039021,983,1780311110046682564,,1780311089921627706,/move_base-5-1780311089.921627706,1,This goal has been accepted by the simple action server
1780311110247048555,984,1780311110246655535,,1780311089921627706,/move_base-5-1780311089.921627706,1,This goal has been accepted by the simple action server
1780311110447106422,985,1780311110446710329,,1780311089921627706,/move_base-5-1780311089.921627706,1,This goal has been accepted by the simple action server
1780311110648111005,986,1780311110646800331,,1780311089921627706,/move_base-5-1780311089.921627706,1,This goal has been accepted by the simple action server
1780311110846991166,987,1780311110846656063,,1780311089921627706,/move_base-5-1780311089.921627706,1,This goal has been accepted by the simple action server
