%time,field.header.seq,field.header.stamp,field.header.frame_id,field.status_list0.goal_id.stamp,field.status_list0.goal_id.id,field.status_list0.status,field.status_list0.text
1780307110101216281,3536,1780307110021734614,,1780306886892041203,/move_base-3-1780306886.892041203,3,Goal reached.
1780307110221865608,3537,1780307110221547997,,1780306886892041203,/move_base-3-1780306886.892041203,3,Goal reached.
1780307110423019903,3538,1780307110421569405,,1780306886892041203,/move_base-3-1780306886.892041203,3,Goal reached.
1780307110621887069,3539,1780307110621578157,,1780306886892041203,/move_base-3-1780306886.892041203,3,Goal reached.
1780307110821852955,3540,1780307110821542584,,1780306886892041203,/move_base-3-1780306886.892041203,3,Goal reached.
1780307111021820873,3541,1780307111021535658,,1780306886892041203,/move_base-3-1780306886.892041203,3,Goal reached.
1780307111221926397,3542,1780307111221548525,,1780306886892041203,/move_base-3-1780306886.892041203,3,Goal reached.
1780307111421831240,3543,1780307111421541911,,1780306886892041203,/move_base-3-1780306886.892041203,3,Goal reached.
1780307111621847648,3544,1780307111621546496,,1780306886892041203,/move_base-3-1780306886.892041203,3,Goal reached.
1780307111828099756,3545,1780307111821566914,,1780306886892041203,/move_base-3-1780306886.892041203,3,Goal reached.
1780307112021878485,3546,1780307112021550509,,1780306886892041203,/move_base-3-1780306886.892041203,3,Goal reached.
1780307112221813433,3547,1780307112221550615,,1780306886892041203,/move_base-3-1780306886.892041203,3,Goal reached.
1780307112421950885,3548,1780307112421592596,,1780306886892041203,/move_base-3-1780306886.892041203,3,Goal reached.
1780307112622109900,3549,1780307112621573483,,1780306886892041203,/move_base-3-1780306886.892041203,3,Goal reached.
1780307112821954429,3550,1780307112821550358,,1780306886892041203,/move_base-3-1780306886.892041203,3,Goal reached.
1780307113027652723,3551,1780307113027293549,,1780306886892041203,/move_base-3-1780306886.892041203,3,Goal reached.
1780307113221929952,3552,1780307113221548695,,1780306886892041203,/move_base-3-1780306886.892041203,3,Goal reached.
1780307113421865473,3553,1780307113421554998,,1780306886892041203,/move_base-3-1780306886.892041203,3,Goal reached.
1780307113621934330,3554,1780307113621554479,,1780306886892041203,/move_base-3-1780306886.892041203,3,Goal reached.
1780307113821951988,3555,1780307113821540157,,1780306886892041203,/move_base-3-1780306886.892041203,3,Goal reached.
1780307114021869071,3556,1780307114021532658,,1780306886892041203,/move_base-3-1780306886.892041203,3,Goal reached.
1780307114222090431,3557,1780307114221577764,,1780306886892041203,/move_base-3-1780306886.892041203,3,Goal reached.
1780307114422003139,3558,1780307114421680007,,1780306886892041203,/move_base-3-1780306886.892041203,3,Goal reached.
1780307114621819178,3559,1780307114621546621,,1780306886892041203,/move_base-3-1780306886.892041203,3,Goal reached.
1780307114821839649,3560,1780307114821551831,,1780306886892041203,/move_base-3-1780306886.892041203,3,Goal reached.
1780307115021827827,3561,1780307115021546832,,1780306886892041203,/move_base-3-1780306886.892041203,3,Goal reached.
1780307115222171169,3562,1780307115221763608,,1780306886892041203,/move_base-3-1780306886.892041203,3,Goal reached.
1780307115421764026,3563,1780307115421499490,,1780306886892041203,/move_base-3-1780306886.892041203,3,Goal reached.
1780307115621904187,3564,1780307115621589285,,1780306886892041203,/move_base-3-1780306886.892041203,3,Goal reached.
1780307115821929658,3565,1780307115821539545,,1780306886892041203,/move_base-3-1780306886.892041203,3,Goal reached.
1780307116021934399,3566,1780307116021601736,,1780306886892041203,/move_base-3-1780306886.892041203,3,Goal reached.
1780307116221907420,3567,1780307116221569861,,1780306886892041203,/move_base-3-1780306886.892041203,3,Goal reached.
1780307116421871275,3568,1780307116421545123,,1780306886892041203,/move_base-3-1780306886.892041203,3,Goal reached.
1780307116621889818,3569,1780307116621553822,,1780306886892041203,/move_base-3-1780306886.892041203,3,Goal reached.
1780307116821963050,3570,1780307116821592783,,1780306886892041203,/move_base-3-1780306886.892041203,3,Goal reached.
1780307117029768210,3571,1780307117024207785,,1780306886892041203,/move_base-3-1780306886.892041203,3,Goal reached.
1780307117221838363,3572,1780307117221537524,,1780306886892041203,/move_base-3-1780306886.892041203,3,Goal reached.
1780307117422845312,3573,1780307117422424991,,1780306886892041203,/move_base-3-1780306886.892041203,3,Goal reached.
1780307117621808417,3574,1780307117621542266,,1780306886892041203,/move_base-3-1780306886.892041203,3,Goal reached.
1780307117821859878,3575,1780307117821552893,,1780306886892041203,/move_base-3-1780306886.892041203,3,Goal reached.
1780307118021956548,3576,1780307118021545654,,1780306886892041203,/move_base-3-1780306886.892041203,3,Goal reached.
1780307118221812849,3577,1780307118221544302,,1780306886892041203,/move_base-3-1780306886.892041203,3,Goal reached.
1780307118421875299,3578,1780307118421549303,,1780306886892041203,/move_base-3-1780306886.892041203,3,Goal reached.
1780307118621902072,3579,1780307118621549304,,1780306886892041203,/move_base-3-1780306886.892041203,3,Goal reached.
1780307118822193746,3580,1780307118821597588,,1780306886892041203,/move_base-3-1780306886.892041203,3,Goal reached.
1780307119022455367,3581,1780307119022178122,,1780306886892041203,/move_base-3-1780306886.892041203,3,Goal reached.
1780307119221788480,3582,1780307119221552642,,1780306886892041203,/move_base-3-1780306886.892041203,3,Goal reached.
1780307119421837284,3583,1780307119421546133,,1780306886892041203,/move_base-3-1780306886.892041203,3,Goal reached.
1780307119622063124,3584,1780307119621657126,,1780306886892041203,/move_base-3-1780306886.892041203,3,Goal reached.
1780307119822119116,3585,1780307119821548323,,1780306886892041203,/move_base-3-1780306886.892041203,3,Goal reached.
1780307120021814892,3586,1780307120021545824,,1780306886892041203,/move_base-3-1780306886.892041203,3,Goal reached.
1780307120222013127,3587,1780307120221559315,,1780306886892041203,/move_base-3-1780306886.892041203,3,Goal reached.
1780307120421876407,3588,1780307120421541816,,1780306886892041203,/move_base-3-1780306886.892041203,3,Goal reached.
1780307120621867918,3589,1780307120621553433,,1780306886892041203,/move_base-3-1780306886.892041203,3,Goal reached.
1780307120821797658,3590,1780307120821541142,,1780306886892041203,/move_base-3-1780306886.892041203,3,Goal reached.
1780307121021784898,3591,1780307121021534581,,1780306886892041203,/move_base-3-1780306886.892041203,3,Goal reached.
1780307121221951830,3592,1780307121221559062,,1780306886892041203,/move_base-3-1780306886.892041203,3,Goal reached.
1780307121422990030,3593,1780307121421533854,,1780306886892041203,/move_base-3-1780306886.892041203,3,Goal reached.
1780307121621883030,3594,1780307121621555679,,1780306886892041203,/move_base-3-1780306886.892041203,3,Goal reached.
1780307121822484085,3595,1780307121821650578,,1780306886892041203,/move_base-3-1780306886.892041203,3,Goal reached.
1780307122021939336,3596,1780307122021547765,,1780306886892041203,/move_base-3-1780306886.892041203,3,Goal reached.
1780307122221830064,3597,1780307122221555162,,1780306886892041203,/move_base-3-1780306886.892041203,3,Goal reached.
1780307122426810218,3598,1780307122425278729,,1780306886892041203,/move_base-3-1780306886.892041203,3,Goal reached.
1780307122621753503,3599,1780307122621520737,,1780306886892041203,/move_base-3-1780306886.892041203,3,Goal reached.
1780307122821839651,3600,1780307122821539854,,1780306886892041203,/move_base-3-1780306886.892041203,3,Goal reached.
1780307123022321694,3601,1780307123021977937,,1780306886892041203,/move_base-3-1780306886.892041203,3,Goal reached.
1780307123221858977,3602,1780307123221551107,,1780306886892041203,/move_base-3-1780306886.892041203,3,Goal reached.
1780307123422037785,3603,1780307123421556681,,1780306886892041203,/move_base-3-1780306886.892041203,3,Goal reached.
1780307123625882812,3604,1780307123621615225,,1780306886892041203,/move_base-3-1780306886.892041203,3,Goal reached.
1780307123821981901,3605,1780307123821665019,,1780306886892041203,/move_base-3-1780306886.892041203,3,Goal reached.
1780307124021865754,3606,1780307124021542987,,1780306886892041203,/move_base-3-1780306886.892041203,3,Goal reached.
1780307124222409621,3607,1780307124221647574,,1780306886892041203,/move_base-3-1780306886.892041203,3,Goal reached.
1780307124422016906,3608,1780307124421632887,,1780306886892041203,/move_base-3-1780306886.892041203,3,Goal reached.
1780307124623244796,3609,1780307124622813121,,1780306886892041203,/move_base-3-1780306886.892041203,3,Goal reached.
1780307124823617097,3610,1780307124821544503,,1780306886892041203,/move_base-3-1780306886.892041203,3,Goal reached.
1780307125021895553,3611,1780307125021552161,,1780306886892041203,/move_base-3-1780306886.892041203,3,Goal reached.
1780307125221770864,3612,1780307125221533672,,1780306886892041203,/move_base-3-1780306886.892041203,3,Goal reached.
1780307125422037538,3613,1780307125421667218,,1780306886892041203,/move_base-3-1780306886.892041203,3,Goal reached.
1780307125621848265,3614,1780307125621542685,,1780306886892041203,/move_base-3-1780306886.892041203,3,Goal reached.
1780307125821841287,3615,1780307125821555343,,1780306886892041203,/move_base-3-1780306886.892041203,3,Goal reached.
1780307126021959103,3616,1780307126021536334,,1780306886892041203,/move_base-3-1780306886.892041203,3,Goal reached.
1780307126222010303,3617,1780307126221662015,,1780306886892041203,/move_base-3-1780306886.892041203,3,Goal reached.
1780307126422047180,3618,1780307126421592067,,1780306886892041203,/move_base-3-1780306886.892041203,3,Goal reached.
1780307126621907283,3619,1780307126621548474,,1780306886892041203,/move_base-3-1780306886.892041203,3,Goal reached.
1780307126824239155,3620,1780307126821569569,,1780306886892041203,/move_base-3-1780306886.892041203,3,Goal reached.
1780307127021839888,3621,1780307127021539570,,1780306886892041203,/move_base-3-1780306886.892041203,3,Goal reached.
1780307127221961455,3622,1780307127221562801,,1780306886892041203,/move_base-3-1780306886.892041203,3,Goal reached.
1780307127422005415,3623,1780307127421604366,,1780306886892041203,/move_base-3-1780306886.892041203,3,Goal reached.
1780307127622075679,3624,1780307127621530876,,1780306886892041203,/move_base-3-1780306886.892041203,3,Goal reached.
1780307127822112452,3625,1780307127821533898,,1780306886892041203,/move_base-3-1780306886.892041203,3,Goal reached.
1780307128022669287,3626,1780307128022033910,,1780306886892041203,/move_base-3-1780306886.892041203,3,Goal reached.
1780307128221871408,3627,1780307128221538432,,1780306886892041203,/move_base-3-1780306886.892041203,3,Goal reached.
1780307128421890160,3628,1780307128421548903,,1780306886892041203,/move_base-3-1780306886.892041203,3,Goal reached.
1780307128621902765,3629,1780307128621602238,,1780306886892041203,/move_base-3-1780306886.892041203,3,Goal reached.
1780307128821943757,3630,1780307128821587708,,1780306886892041203,/move_base-3-1780306886.892041203,3,Goal reached.
1780307129021814693,3631,1780307129021550938,,1780306886892041203,/move_base-3-1780306886.892041203,3,Goal reached.
1780307129221791673,3632,1780307129221532137,,1780306886892041203,/move_base-3-1780306886.892041203,3,Goal reached.
1780307129422213142,3633,1780307129421709017,,1780306886892041203,/move_base-3-1780306886.892041203,3,Goal reached.
1780307129621817145,3634,1780307129621539900,,1780306886892041203,/move_base-3-1780306886.892041203,3,Goal reached.
1780307129821840168,3635,1780307129821553287,,1780306886892041203,/move_base-3-1780306886.892041203,3,Goal reached.
1780307130022373409,3636,1780307130021616363,,1780306886892041203,/move_base-3-1780306886.892041203,3,Goal reached.
1780307130221837098,3637,1780307130221535946,,1780306886892041203,/move_base-3-1780306886.892041203,3,Goal reached.
1780307130422025853,3638,1780307130421581209,,1780306886892041203,/move_base-3-1780306886.892041203,3,Goal reached.
1780307130622810975,3639,1780307130621916269,,1780306886892041203,/move_base-3-1780306886.892041203,3,Goal reached.
1780307130821882415,3640,1780307130821542565,,1780306886892041203,/move_base-3-1780306886.892041203,3,Goal reached.
1780307131021781373,3641,1780307131021532566,,1780306886892041203,/move_base-3-1780306886.892041203,3,Goal reached.
1780307131221781426,3642,1780307131221528869,,1780306886892041203,/move_base-3-1780306886.892041203,3,Goal reached.
1780307131421926327,3643,1780307131421545902,,1780306886892041203,/move_base-3-1780306886.892041203,3,Goal reached.
1780307131621749241,3644,1780307131621522674,,1780306886892041203,/move_base-3-1780306886.892041203,3,Goal reached.
1780307131822197533,3645,1780307131821536217,,1780306886892041203,/move_base-3-1780306886.892041203,3,Goal reached.
1780307132021799714,3646,1780307132021533406,,1780306886892041203,/move_base-3-1780306886.892041203,3,Goal reached.
1780307132221897165,3647,1780307132221553460,,1780306886892041203,/move_base-3-1780306886.892041203,3,Goal reached.
1780307132421976751,3648,1780307132421560284,,1780306886892041203,/move_base-3-1780306886.892041203,3,Goal reached.
1780307132622386292,3649,1780307132621584349,,1780306886892041203,/move_base-3-1780306886.892041203,3,Goal reached.
1780307132821902117,3650,1780307132821551901,,1780306886892041203,/move_base-3-1780306886.892041203,3,Goal reached.
1780307133021758470,3651,1780307133021539298,,1780306886892041203,/move_base-3-1780306886.892041203,3,Goal reached.
1780307133221764148,3652,1780307133221529039,,1780306886892041203,/move_base-3-1780306886.892041203,3,Goal reached.
1780307133421822224,3653,1780307133421534093,,1780306886892041203,/move_base-3-1780306886.892041203,3,Goal reached.
1780307133621973634,3654,1780307133621533521,,1780306886892041203,/move_base-3-1780306886.892041203,3,Goal reached.
1780307133821903009,3655,1780307133821547533,,1780306886892041203,/move_base-3-1780306886.892041203,3,Goal reached.
1780307134022052232,3656,1780307134021587431,,1780306886892041203,/move_base-3-1780306886.892041203,3,Goal reached.
1780307134222208747,3657,1780307134221569463,,1780306886892041203,/move_base-3-1780306886.892041203,3,Goal reached.
1780307134421935149,3658,1780307134421535141,,1780306886892041203,/move_base-3-1780306886.892041203,3,Goal reached.
1780307134621783950,3659,1780307134621524882,,1780306886892041203,/move_base-3-1780306886.892041203,3,Goal reached.
1780307134823738835,3660,1780307134823017778,,1780306886892041203,/move_base-3-1780306886.892041203,3,Goal reached.
1780307135022878766,3661,1780307135022522509,,1780306886892041203,/move_base-3-1780306886.892041203,3,Goal reached.
1780307135221747651,3662,1780307135221525094,,1780306886892041203,/move_base-3-1780306886.892041203,3,Goal reached.
1780307135421901145,3663,1780307135421543794,,1780306886892041203,/move_base-3-1780306886.892041203,3,Goal reached.
1780307135621919584,3664,1780307135621548535,,1780306886892041203,/move_base-3-1780306886.892041203,3,Goal reached.
1780307135822800176,3665,1780307135822487514,,1780306886892041203,/move_base-3-1780306886.892041203,3,Goal reached.
1780307136021875836,3666,1780307136021542027,,1780306886892041203,/move_base-3-1780306886.892041203,3,Goal reached.
1780307136222189594,3667,1780307136221683907,,1780306886892041203,/move_base-3-1780306886.892041203,3,Goal reached.
1780307136424177552,3668,1780307136421591354,,1780306886892041203,/move_base-3-1780306886.892041203,3,Goal reached.
1780307136621825318,3669,1780307136621533021,,1780306886892041203,/move_base-3-1780306886.892041203,3,Goal reached.
1780307136821830476,3670,1780307136821541512,,1780306886892041203,/move_base-3-1780306886.892041203,3,Goal reached.
1780307137021921104,3671,1780307137021544743,,1780306886892041203,/move_base-3-1780306886.892041203,3,Goal reached.
1780307137221875219,3672,1780307137221535525,,1780306886892041203,/move_base-3-1780306886.892041203,3,Goal reached.
1780307137422083767,3673,1780307137421643549,,1780306886892041203,/move_base-3-1780306886.892041203,3,Goal reached.
1780307137621890222,3674,1780307137621552611,,1780306886892041203,/move_base-3-1780306886.892041203,3,Goal reached.
1780307137821804805,3675,1780307137821518862,,1780306886892041203,/move_base-3-1780306886.892041203,3,Goal reached.
1780307138021911528,3676,1780307138021545843,,1780306886892041203,/move_base-3-1780306886.892041203,3,Goal reached.
1780307138221778610,3677,1780307138221527355,,1780306886892041203,/move_base-3-1780306886.892041203,3,Goal reached.
1780307138421826581,3678,1780307138421538554,,1780306886892041203,/move_base-3-1780306886.892041203,3,Goal reached.
1780307138621819655,3679,1780307138621536628,,1780306886892041203,/move_base-3-1780306886.892041203,3,Goal reached.
1780307138822188101,3680,1780307138821539546,,1780306886892041203,/move_base-3-1780306886.892041203,3,Goal reached.
1780307139022385919,3681,1780307139021852367,,1780306886892041203,/move_base-3-1780306886.892041203,3,Goal reached.
1780307139222955828,3682,1780307139222624259,,1780306886892041203,/move_base-3-1780306886.892041203,3,Goal reached.
1780307139421825858,3683,1780307139421544082,,1780306886892041203,/move_base-3-1780306886.892041203,3,Goal reached.
1780307139622066177,3684,1780307139621582782,,1780306886892041203,/move_base-3-1780306886.892041203,3,Goal reached.
1780307139822524157,3685,1780307139821543147,,1780306886892041203,/move_base-3-1780306886.892041203,3,Goal reached.
1780307140021896541,3686,1780307140021546482,,1780306886892041203,/move_base-3-1780306886.892041203,3,Goal reached.
1780307140221946856,3687,1780307140221548462,,1780306886892041203,/move_base-3-1780306886.892041203,3,Goal reached.
1780307140421917221,3688,1780307140421531797,,1780306886892041203,/move_base-3-1780306886.892041203,3,Goal reached.
1780307140621825137,3689,1780307140621535548,,1780306886892041203,/move_base-3-1780306886.892041203,3,Goal reached.
1780307140821854410,3690,1780307140821557373,,1780306886892041203,/move_base-3-1780306886.892041203,3,Goal reached.
1780307141021860610,3691,1780307141021548520,,1780306886892041203,/move_base-3-1780306886.892041203,3,Goal reached.
1780307141224328734,3692,1780307141221563417,,1780306886892041203,/move_base-3-1780306886.892041203,3,Goal reached.
1780307141422814955,3693,1780307141422398957,,1780306886892041203,/move_base-3-1780306886.892041203,3,Goal reached.
1780307141622055409,3694,1780307141621597171,,1780306886892041203,/move_base-3-1780306886.892041203,3,Goal reached.
1780307141823576431,3695,1780307141823040118,,1780306886892041203,/move_base-3-1780306886.892041203,3,Goal reached.
1780307142022225780,3696,1780307142021748895,,1780306886892041203,/move_base-3-1780306886.892041203,3,Goal reached.
1780307142222088956,3697,1780307142221754261,,1780306886892041203,/move_base-3-1780306886.892041203,3,Goal reached.
1780307142422425422,3698,1780307142421591551,,1780306886892041203,/move_base-3-1780306886.892041203,3,Goal reached.
1780307142621768379,3699,1780307142621519624,,1780306886892041203,/move_base-3-1780306886.892041203,3,Goal reached.
1780307142821821090,3700,1780307142821534157,,1780306886892041203,/move_base-3-1780306886.892041203,3,Goal reached.
1780307143021841040,3701,1780307143021541450,,1780306886892041203,/move_base-3-1780306886.892041203,3,Goal reached.
1780307143222050785,3702,1780307143221533066,,1780306886892041203,/move_base-3-1780306886.892041203,3,Goal reached.
1780307143422335219,3703,1780307143421550932,,1780306886892041203,/move_base-3-1780306886.892041203,3,Goal reached.
1780307143622378502,3704,1780307143621571767,,1780306886892041203,/move_base-3-1780306886.892041203,3,Goal reached.
1780307143821796669,3705,1780307143821534060,,1780306886892041203,/move_base-3-1780306886.892041203,3,Goal reached.
1780307144021735107,3706,1780307144021517498,,1780306886892041203,/move_base-3-1780306886.892041203,3,Goal reached.
1780307144221908445,3707,1780307144221547604,,1780306886892041203,/move_base-3-1780306886.892041203,3,Goal reached.
1780307144421842768,3708,1780307144421550418,,1780306886892041203,/move_base-3-1780306886.892041203,3,Goal reached.
1780307144621803446,3709,1780307144621531930,,1780306886892041203,/move_base-3-1780306886.892041203,3,Goal reached.
1780307144821935429,3710,1780307144821586828,,1780306886892041203,/move_base-3-1780306886.892041203,3,Goal reached.
1780307145021817928,3711,1780307145021525370,,1780306886892041203,/move_base-3-1780306886.892041203,3,Goal reached.
1780307145226503441,3712,1780307145224451472,,1780306886892041203,/move_base-3-1780306886.892041203,3,Goal reached.
1780307145421861265,3713,1780307145421549852,,1780306886892041203,/move_base-3-1780306886.892041203,3,Goal reached.
1780307145621809755,3714,1780307145621522665,,1780306886892041203,/move_base-3-1780306886.892041203,3,Goal reached.
1780307145822030281,3715,1780307145821537094,,1780306886892041203,/move_base-3-1780306886.892041203,3,Goal reached.
1780307146021797413,3716,1780307146021531887,,1780306886892041203,/move_base-3-1780306886.892041203,3,Goal reached.
1780307146221763456,3717,1780307146221522670,,1780306886892041203,/move_base-3-1780306886.892041203,3,Goal reached.
1780307146421831323,3718,1780307146421540900,,1780306886892041203,/move_base-3-1780306886.892041203,3,Goal reached.
1780307146621796428,3719,1780307146621524391,,1780306886892041203,/move_base-3-1780306886.892041203,3,Goal reached.
1780307146821778408,3720,1780307146821550747,,1780306886892041203,/move_base-3-1780306886.892041203,3,Goal reached.
1780307147021906797,3721,1780307147021564238,,1780306886892041203,/move_base-3-1780306886.892041203,3,Goal reached.
1780307147221786328,3722,1780307147221516166,,1780306886892041203,/move_base-3-1780306886.892041203,3,Goal reached.
1780307147421867581,3723,1780307147421538199,,1780306886892041203,/move_base-3-1780306886.892041203,3,Goal reached.
1780307147621772215,3724,1780307147621532263,,1780306886892041203,/move_base-3-1780306886.892041203,3,Goal reached.
1780307147822087067,3725,1780307147821769508,,1780306886892041203,/move_base-3-1780306886.892041203,3,Goal reached.
1780307148022468586,3726,1780307148022012119,,1780306886892041203,/move_base-3-1780306886.892041203,3,Goal reached.
1780307148221987380,3727,1780307148221541902,,1780306886892041203,/move_base-3-1780306886.892041203,3,Goal reached.
1780307148421798940,3728,1780307148421524143,,1780306886892041203,/move_base-3-1780306886.892041203,3,Goal reached.
1780307148621877641,3729,1780307148621532322,,1780306886892041203,/move_base-3-1780306886.892041203,3,Goal reached.
1780307148821895872,3730,1780307148821548782,,1780306886892041203,/move_base-3-1780306886.892041203,3,Goal reached.
1780307149025895486,3731,1780307149025609386,,1780306886892041203,/move_base-3-1780306886.892041203,3,Goal reached.
1780307149221829519,3732,1780307149221540399,,1780306886892041203,/move_base-3-1780306886.892041203,3,Goal reached.
1780307149421789989,3733,1780307149421521910,,1780306886892041203,/move_base-3-1780306886.892041203,3,Goal reached.
1780307149623552578,3734,1780307149621628320,,1780306886892041203,/move_base-3-1780306886.892041203,3,Goal reached.
1780307149821954578,3735,1780307149821545611,,1780306886892041203,/move_base-3-1780306886.892041203,3,Goal reached.
1780307150021866921,3736,1780307150021535300,,1780306886892041203,/move_base-3-1780306886.892041203,3,Goal reached.
1780307150221759993,3737,1780307150221523999,,1780306886892041203,/move_base-3-1780306886.892041203,3,Goal reached.
1780307150422513708,3738,1780307150422019375,,1780306886892041203,/move_base-3-1780306886.892041203,3,Goal reached.
1780307150622166619,3739,1780307150621559680,,1780306886892041203,/move_base-3-1780306886.892041203,3,Goal reached.
1780307150823141223,3740,1780307150822679391,,1780306886892041203,/move_base-3-1780306886.892041203,3,Goal reached.
1780307151022444804,3741,1780307151022007452,,1780306886892041203,/move_base-3-1780306886.892041203,3,Goal reached.
1780307151221766927,3742,1780307151221551767,,1780306886892041203,/move_base-3-1780306886.892041203,3,Goal reached.
1780307151421884587,3743,1780307151421551143,,1780306886892041203,/move_base-3-1780306886.892041203,3,Goal reached.
1780307151622359911,3744,1780307151621531196,,1780306886892041203,/move_base-3-1780306886.892041203,3,Goal reached.
1780307151821971727,3745,1780307151821538541,,1780306886892041203,/move_base-3-1780306886.892041203,3,Goal reached.
1780307152021957614,3746,1780307152021549845,,1780306886892041203,/move_base-3-1780306886.892041203,3,Goal reached.
1780307152221989647,3747,1780307152221560159,,1780306886892041203,/move_base-3-1780306886.892041203,3,Goal reached.
1780307152421895324,3748,1780307152421560629,,1780306886892041203,/move_base-3-1780306886.892041203,3,Goal reached.
1780307152621847147,3749,1780307152621531776,,1780306886892041203,/move_base-3-1780306886.892041203,3,Goal reached.
1780307152821781470,3750,1780307152821531673,,1780306886892041203,/move_base-3-1780306886.892041203,3,Goal reached.
1780307153022940714,3751,1780307153021633291,,1780306886892041203,/move_base-3-1780306886.892041203,3,Goal reached.
1780307153222242315,3752,1780307153221581937,,1780306886892041203,/move_base-3-1780306886.892041203,3,Goal reached.
1780307153422035750,3753,1780307153421555844,,1780306886892041203,/move_base-3-1780306886.892041203,3,Goal reached.
1780307153621791944,3754,1780307153621531106,,1780306886892041203,/move_base-3-1780306886.892041203,3,Goal reached.
1780307153821828301,3755,1780307153821550847,,1780306886892041203,/move_base-3-1780306886.892041203,3,Goal reached.
1780307154021777572,3756,1780307154021529754,,1780306886892041203,/move_base-3-1780306886.892041203,3,Goal reached.
1780307154221955181,3757,1780307154221552256,,1780306886892041203,/move_base-3-1780306886.892041203,3,Goal reached.
1780307154421771012,3758,1780307154421521007,,1780306886892041203,/move_base-3-1780306886.892041203,3,Goal reached.
1780307154621797993,3759,1780307154621532206,,1780306886892041203,/move_base-3-1780306886.892041203,3,Goal reached.
1780307154822172637,3760,1780307154821580021,,1780306886892041203,/move_base-3-1780306886.892041203,3,Goal reached.
1780307155021753255,3761,1780307155021517209,,1780306886892041203,/move_base-3-1780306886.892041203,3,Goal reached.
1780307155221867530,3762,1780307155221539242,,1780306886892041203,/move_base-3-1780306886.892041203,3,Goal reached.
1780307155421801071,3763,1780307155421581275,,1780306886892041203,/move_base-3-1780306886.892041203,3,Goal reached.
1780307155622215612,3764,1780307155621591121,,1780306886892041203,/move_base-3-1780306886.892041203,3,Goal reached.
1780307155821775188,3765,1780307155821526485,,1780306886892041203,/move_base-3-1780306886.892041203,3,Goal reached.
1780307156021791075,3766,1780307156021532320,,1780306886892041203,/move_base-3-1780306886.892041203,3,Goal reached.
1780307156222236398,3767,1780307156221596854,,1780306886892041203,/move_base-3-1780306886.892041203,3,Goal reached.
1780307156422871308,3768,1780307156422515937,,1780306886892041203,/move_base-3-1780306886.892041203,3,Goal reached.
1780307156622014782,3769,1780307156621664462,,1780306886892041203,/move_base-3-1780306886.892041203,3,Goal reached.
1780307156821797070,3770,1780307156821542326,,1780306886892041203,/move_base-3-1780306886.892041203,3,Goal reached.
1780307157022037962,3771,1780307157021587120,,1780306886892041203,/move_base-3-1780306886.892041203,3,Goal reached.
1780307157221999525,3772,1780307157221578735,,1780306886892041203,/move_base-3-1780306886.892041203,3,Goal reached.
1780307157421880253,3773,1780307157421522538,,1780306886892041203,/move_base-3-1780306886.892041203,3,Goal reached.
1780307157621863119,3774,1780307157621533373,,1780306886892041203,/move_base-3-1780306886.892041203,3,Goal reached.
1780307157821768327,3775,1780307157821528374,,1780306886892041203,/move_base-3-1780306886.892041203,3,Goal reached.
1780307158021841455,3776,1780307158021578585,,1780306886892041203,/move_base-3-1780306886.892041203,3,Goal reached.
1780307158221795778,3777,1780307158221526762,,1780306886892041203,/move_base-3-1780306886.892041203,3,Goal reached.
1780307158421897136,3778,1780307158421529836,,1780306886892041203,/move_base-3-1780306886.892041203,3,Goal reached.
1780307158621792395,3779,1780307158621523848,,1780306886892041203,/move_base-3-1780306886.892041203,3,Goal reached.
1780307158821849481,3780,1780307158821541819,,1780306886892041203,/move_base-3-1780306886.892041203,3,Goal reached.
1780307159022131311,3781,1780307159021663124,,1780306886892041203,/move_base-3-1780306886.892041203,3,Goal reached.
1780307159221990164,3782,1780307159221539790,,1780306886892041203,/move_base-3-1780306886.892041203,3,Goal reached.
1780307159421890944,3783,1780307159421532708,,1780306886892041203,/move_base-3-1780306886.892041203,3,Goal reached.
1780307159621794069,3784,1780307159621530782,,1780306886892041203,/move_base-3-1780306886.892041203,3,Goal reached.
1780307159822303820,3785,1780307159821540367,,1780306886892041203,/move_base-3-1780306886.892041203,3,Goal reached.
1780307160021786363,3786,1780307160021524535,,1780306886892041203,/move_base-3-1780306886.892041203,3,Goal reached.
1780307160221872564,3787,1780307160221543026,,1780306886892041203,/move_base-3-1780306886.892041203,3,Goal reached.
1780307160421862826,3788,1780307160421546517,,1780306886892041203,/move_base-3-1780306886.892041203,3,Goal reached.
1780307160622116374,3789,1780307160621556571,,1780306886892041203,/move_base-3-1780306886.892041203,3,Goal reached.
1780307160821753712,3790,1780307160821524853,,1780306886892041203,/move_base-3-1780306886.892041203,3,Goal reached.
1780307161021802776,3791,1780307161021531208,,1780306886892041203,/move_base-3-1780306886.892041203,3,Goal reached.
1780307161224941539,3792,1780307161224441165,,1780306886892041203,/move_base-3-1780306886.892041203,3,Goal reached.
1780307161421901792,3793,1780307161421532513,,1780306886892041203,/move_base-3-1780306886.892041203,3,Goal reached.
1780307161622047890,3794,1780307161621539286,,1780306886892041203,/move_base-3-1780306886.892041203,3,Goal reached.
1780307161822030234,3795,1780307161821554964,,1780306886892041203,/move_base-3-1780306886.892041203,3,Goal reached.
1780307162021900337,3796,1780307162021556841,,1780306886892041203,/move_base-3-1780306886.892041203,3,Goal reached.
1780307162221843879,3797,1780307162221533404,,1780306886892041203,/move_base-3-1780306886.892041203,3,Goal reached.
1780307162421879402,3798,1780307162421572208,,1780306886892041203,/move_base-3-1780306886.892041203,3,Goal reached.
1780307162621762318,3799,1780307162621516011,,1780306886892041203,/move_base-3-1780306886.892041203,3,Goal reached.
1780307162821806539,3800,1780307162821541742,,1780306886892041203,/move_base-3-1780306886.892041203,3,Goal reached.
1780307163023197193,3801,1780307163021549764,,1780306886892041203,/move_base-3-1780306886.892041203,3,Goal reached.
1780307163221769978,3802,1780307163221530442,,1780306886892041203,/move_base-3-1780306886.892041203,3,Goal reached.
1780307163421923472,3803,1780307163421593674,,1780306886892041203,/move_base-3-1780306886.892041203,3,Goal reached.
1780307163622616040,3804,1780307163622189052,,1780306886892041203,/move_base-3-1780306886.892041203,3,Goal reached.
1780307163822216137,3805,1780307163821800348,,1780306886892041203,/move_base-3-1780306886.892041203,3,Goal reached.
1780307164022672762,3806,1780307164022342287,,1780306886892041203,/move_base-3-1780306886.892041203,3,Goal reached.
1780307164221834205,3807,1780307164221538262,,1780306886892041203,/move_base-3-1780306886.892041203,3,Goal reached.
1780307164421961970,3808,1780307164421557013,,1780306886892041203,/move_base-3-1780306886.892041203,3,Goal reached.
1780307164622028639,3809,1780307164621552640,,1780306886892041203,/move_base-3-1780306886.892041203,3,Goal reached.
1780307164822986681,3810,1780307164821561600,,1780306886892041203,/move_base-3-1780306886.892041203,3,Goal reached.
1780307165021768741,3811,1780307165021538736,,1780306886892041203,/move_base-3-1780306886.892041203,3,Goal reached.
1780307165221952860,3812,1780307165221575978,,1780306886892041203,/move_base-3-1780306886.892041203,3,Goal reached.
1780307165422032447,3813,1780307165421555979,,1780306886892041203,/move_base-3-1780306886.892041203,3,Goal reached.
1780307165621779370,3814,1780307165621524886,,1780306886892041203,/move_base-3-1780306886.892041203,3,Goal reached.
1780307165821827966,3815,1780307165821540408,,1780306886892041203,/move_base-3-1780306886.892041203,3,Goal reached.
1780307166021764581,3816,1780307166021528482,,1780306886892041203,/move_base-3-1780306886.892041203,3,Goal reached.
1780307166221915835,3817,1780307166221537442,,1780306886892041203,/move_base-3-1780306886.892041203,3,Goal reached.
1780307166421935628,3818,1780307166421552912,,1780306886892041203,/move_base-3-1780306886.892041203,3,Goal reached.
1780307166621856410,3819,1780307166621541820,,1780306886892041203,/move_base-3-1780306886.892041203,3,Goal reached.
1780307166822811587,3820,1780307166822235950,,1780306886892041203,/move_base-3-1780306886.892041203,3,Goal reached.
1780307167022193607,3821,1780307167021529322,,1780306886892041203,/move_base-3-1780306886.892041203,3,Goal reached.
1780307167221881102,3822,1780307167221535626,,1780306886892041203,/move_base-3-1780306886.892041203,3,Goal reached.
1780307167422147983,3823,1780307167421608962,,1780306886892041203,/move_base-3-1780306886.892041203,3,Goal reached.
1780307167621902667,3824,1780307167621589588,,1780306886892041203,/move_base-3-1780306886.892041203,3,Goal reached.
1780307167825146797,3825,1780307167821549068,,1780306886892041203,/move_base-3-1780306886.892041203,3,Goal reached.
1780307168021901368,3826,1780307168021556725,,1780306886892041203,/move_base-3-1780306886.892041203,3,Goal reached.
1780307168222388827,3827,1780307168221570425,,1780306886892041203,/move_base-3-1780306886.892041203,3,Goal reached.
1780307168421873141,3828,1780307168421501415,,1780306886892041203,/move_base-3-1780306886.892041203,3,Goal reached.
1780307168621993509,3829,1780307168621548917,,1780306886892041203,/move_base-3-1780306886.892041203,3,Goal reached.
1780307168821798298,3830,1780307168821543345,,1780306886892041203,/move_base-3-1780306886.892041203,3,Goal reached.
1780307169022362061,3831,1780307169021986533,,1780306886892041203,/move_base-3-1780306886.892041203,3,Goal reached.
1780307169222251227,3832,1780307169221574130,,1780306886892041203,/move_base-3-1780306886.892041203,3,Goal reached.
1780307169421866116,3833,1780307169421582465,,1780306886892041203,/move_base-3-1780306886.892041203,3,Goal reached.
1780307169621945182,3834,1780307169621574497,,1780306886892041203,/move_base-3-1780306886.892041203,3,Goal reached.
1780307169824673884,3835,1780307169821548769,,1780306886892041203,/move_base-3-1780306886.892041203,3,Goal reached.
1780307170021928205,3836,1780307170021540489,,1780306886892041203,/move_base-3-1780306886.892041203,3,Goal reached.
1780307170221794297,3837,1780307170221541740,,1780306886892041203,/move_base-3-1780306886.892041203,3,Goal reached.
1780307170421760444,3838,1780307170421524918,,1780306886892041203,/move_base-3-1780306886.892041203,3,Goal reached.
1780307170621818780,3839,1780307170621546847,,1780306886892041203,/move_base-3-1780306886.892041203,3,Goal reached.
1780307170821805708,3840,1780307170821547578,,1780306886892041203,/move_base-3-1780306886.892041203,3,Goal reached.
1780307171021913316,3841,1780307171021543621,,1780306886892041203,/move_base-3-1780306886.892041203,3,Goal reached.
1780307171221994517,3842,1780307171221540028,,1780306886892041203,/move_base-3-1780306886.892041203,3,Goal reached.
1780307171421788837,3843,1780307171421528727,,1780306886892041203,/move_base-3-1780306886.892041203,3,Goal reached.
1780307171621875246,3844,1780307171621553260,,1780306886892041203,/move_base-3-1780306886.892041203,3,Goal reached.
1780307171821870247,3845,1780307171821535761,,1780306886892041203,/move_base-3-1780306886.892041203,3,Goal reached.
1780307172022186453,3846,1780307172021640348,,1780306886892041203,/move_base-3-1780306886.892041203,3,Goal reached.
1780307172221764310,3847,1780307172221529774,,1780306886892041203,/move_base-3-1780306886.892041203,3,Goal reached.
1780307172421832959,3848,1780307172421543787,,1780306886892041203,/move_base-3-1780306886.892041203,3,Goal reached.
1780307172621832492,3849,1780307172621543840,,1780306886892041203,/move_base-3-1780306886.892041203,3,Goal reached.
1780307172821967860,3850,1780307172821554102,,1780306886892041203,/move_base-3-1780306886.892041203,3,Goal reached.
1780307173021824682,3851,1780307173021538322,,1780306886892041203,/move_base-3-1780306886.892041203,3,Goal reached.
1780307173222089741,3852,1780307173221567647,,1780306886892041203,/move_base-3-1780306886.892041203,3,Goal reached.
1780307173421934426,3853,1780307173421546710,,1780306886892041203,/move_base-3-1780306886.892041203,3,Goal reached.
1780307173621993491,3854,1780307173621540566,,1780306886892041203,/move_base-3-1780306886.892041203,3,Goal reached.
1780307173821963336,3855,1780307173821546400,,1780306886892041203,/move_base-3-1780306886.892041203,3,Goal reached.
1780307174021812188,3856,1780307174021540516,,1780306886892041203,/move_base-3-1780306886.892041203,3,Goal reached.
1780307174221942036,3857,1780307174221539893,,1780306886892041203,/move_base-3-1780306886.892041203,3,Goal reached.
1780307174421838546,3858,1780307174421597343,,1780306886892041203,/move_base-3-1780306886.892041203,3,Goal reached.
1780307174621759952,3859,1780307174621524687,,1780306886892041203,/move_base-3-1780306886.892041203,3,Goal reached.
1780307174822893987,3860,1780307174821551407,,1780306886892041203,/move_base-3-1780306886.892041203,3,Goal reached.
1780307175021804591,3861,1780307175021531044,,1780306886892041203,/move_base-3-1780306886.892041203,3,Goal reached.
1780307175221766050,3862,1780307175221525889,,1780306886892041203,/move_base-3-1780306886.892041203,3,Goal reached.
1780307175422139652,3863,1780307175421608392,,1780306886892041203,/move_base-3-1780306886.892041203,3,Goal reached.
1780307175622709145,3864,1780307175621552923,,1780306886892041203,/move_base-3-1780306886.892041203,3,Goal reached.
1780307175821821940,3865,1780307175821540841,,1780306886892041203,/move_base-3-1780306886.892041203,3,Goal reached.
1780307176021808973,3866,1780307176021519227,,1780306886892041203,/move_base-3-1780306886.892041203,3,Goal reached.
1780307176221885330,3867,1780307176221558396,,1780306886892041203,/move_base-3-1780306886.892041203,3,Goal reached.
1780307176423841308,3868,1780307176421599596,,1780306886892041203,/move_base-3-1780306886.892041203,3,Goal reached.
1780307176621877832,3869,1780307176621535430,,1780306886892041203,/move_base-3-1780306886.892041203,3,Goal reached.
1780307176821839864,3870,1780307176821551056,,1780306886892041203,/move_base-3-1780306886.892041203,3,Goal reached.
1780307177021773093,3871,1780307177021522620,,1780306886892041203,/move_base-3-1780306886.892041203,3,Goal reached.
1780307177221820960,3872,1780307177221531371,,1780306886892041203,/move_base-3-1780306886.892041203,3,Goal reached.
1780307177421862473,3873,1780307177421545748,,1780306886892041203,/move_base-3-1780306886.892041203,3,Goal reached.
1780307177621856797,3874,1780307177621534551,,1780306886892041203,/move_base-3-1780306886.892041203,3,Goal reached.
1780307177822761348,3875,1780307177822267380,,1780306886892041203,/move_base-3-1780306886.892041203,3,Goal reached.
1780307178022047793,3876,1780307178021594243,,1780306886892041203,/move_base-3-1780306886.892041203,3,Goal reached.
1780307178221841801,3877,1780307178221526326,,1780306886892041203,/move_base-3-1780306886.892041203,3,Goal reached.
1780307178421974878,3878,1780307178421543984,,1780306886892041203,/move_base-3-1780306886.892041203,3,Goal reached.
1780307178621968942,3879,1780307178621535600,,1780306886892041203,/move_base-3-1780306886.892041203,3,Goal reached.
1780307178821873681,3880,1780307178821530236,,1780306886892041203,/move_base-3-1780306886.892041203,3,Goal reached.
1780307179023676635,3881,1780307179023070738,,1780306886892041203,/move_base-3-1780306886.892041203,3,Goal reached.
1780307179222069417,3882,1780307179221635293,,1780306886892041203,/move_base-3-1780306886.892041203,3,Goal reached.
1780307179421925405,3883,1780307179421575398,,1780306886892041203,/move_base-3-1780306886.892041203,3,Goal reached.
1780307179623039387,3884,1780307179622097232,,1780306886892041203,/move_base-3-1780306886.892041203,3,Goal reached.
1780307179821938585,3885,1780307179821583317,,1780306886892041203,/move_base-3-1780306886.892041203,3,Goal reached.
1780307180021914159,3886,1780307180021544568,,1780306886892041203,/move_base-3-1780306886.892041203,3,Goal reached.
1780307180221929577,3887,1780307180221539725,,1780306886892041203,/move_base-3-1780306886.892041203,3,Goal reached.
1780307180421830930,3888,1780307180421540872,,1780306886892041203,/move_base-3-1780306886.892041203,3,Goal reached.
1780307180622171199,3889,1780307180621535353,,1780306886892041203,/move_base-3-1780306886.892041203,3,Goal reached.
1780307180821945102,3890,1780307180821588168,,1780306886892041203,/move_base-3-1780306886.892041203,3,Goal reached.
1780307181021929270,3891,1780307181021572179,,1780306886892041203,/move_base-3-1780306886.892041203,3,Goal reached.
1780307181224171713,3892,1780307181221560878,,1780306886892041203,/move_base-3-1780306886.892041203,3,Goal reached.
1780307181422005628,3893,1780307181421548171,,1780306886892041203,/move_base-3-1780306886.892041203,3,Goal reached.
1780307181621910784,3894,1780307181621551870,,1780306886892041203,/move_base-3-1780306886.892041203,3,Goal reached.
1780307181822224281,3895,1780307181821557393,,1780306886892041203,/move_base-3-1780306886.892041203,3,Goal reached.
1780307182022425537,3896,1780307182021547915,,1780306886892041203,/move_base-3-1780306886.892041203,3,Goal reached.
1780307182222007925,3897,1780307182221542708,,1780306886892041203,/move_base-3-1780306886.892041203,3,Goal reached.
1780307182421803391,3898,1780307182421538907,,1780306886892041203,/move_base-3-1780306886.892041203,3,Goal reached.
1780307182621852769,3899,1780307182621540262,,1780306886892041203,/move_base-3-1780306886.892041203,3,Goal reached.
1780307182821914907,3900,1780307182821546149,,1780306886892041203,/move_base-3-1780306886.892041203,3,Goal reached.
1780307183023459054,3901,1780307183022592474,,1780306886892041203,/move_base-3-1780306886.892041203,3,Goal reached.
1780307183221755167,3902,1780307183221523131,,1780306886892041203,/move_base-3-1780306886.892041203,3,Goal reached.
1780307183421839493,3903,1780307183421542664,,1780306886892041203,/move_base-3-1780306886.892041203,3,Goal reached.
1780307183621859234,3904,1780307183621545999,,1780306886892041203,/move_base-3-1780306886.892041203,3,Goal reached.
1780307183822973841,3905,1780307183821545219,,1780306886892041203,/move_base-3-1780306886.892041203,3,Goal reached.
1780307184021876893,3906,1780307184021534386,,1780306886892041203,/move_base-3-1780306886.892041203,3,Goal reached.
1780307184222482532,3907,1780307184221546680,,1780306886892041203,/move_base-3-1780306886.892041203,3,Goal reached.
1780307184421868094,3908,1780307184421548087,,1780306886892041203,/move_base-3-1780306886.892041203,3,Goal reached.
1780307184621883877,3909,1780307184621540484,,1780306886892041203,/move_base-3-1780306886.892041203,3,Goal reached.
1780307184821841377,3910,1780307184821540642,,1780306886892041203,/move_base-3-1780306886.892041203,3,Goal reached.
1780307185021856327,3911,1780307185021532727,,1780306886892041203,/move_base-3-1780306886.892041203,3,Goal reached.
1780307185221853672,3912,1780307185221544499,,1780306886892041203,/move_base-3-1780306886.892041203,3,Goal reached.
1780307185421867424,3913,1780307185421545438,,1780306886892041203,/move_base-3-1780306886.892041203,3,Goal reached.
1780307185621829664,3914,1780307185621540908,,1780306886892041203,/move_base-3-1780306886.892041203,3,Goal reached.
1780307185821894875,3915,1780307185821520961,,1780306886892041203,/move_base-3-1780306886.892041203,3,Goal reached.
1780307186021792791,3916,1780307186021535390,,1780306886892041203,/move_base-3-1780306886.892041203,3,Goal reached.
1780307186221864512,3917,1780307186221520912,,1780306886892041203,/move_base-3-1780306886.892041203,3,Goal reached.
1780307186422130144,3918,1780307186421574508,,1780306886892041203,/move_base-3-1780306886.892041203,3,Goal reached.
1780307186621948267,3919,1780307186621546332,,1780306886892041203,/move_base-3-1780306886.892041203,3,Goal reached.
1780307186821829620,3920,1780307186821540968,,1780306886892041203,/move_base-3-1780306886.892041203,3,Goal reached.
1780307187021833163,3921,1780307187021538261,,1780306886892041203,/move_base-3-1780306886.892041203,3,Goal reached.
1780307187221878895,3922,1780307187221547429,,1780306886892041203,/move_base-3-1780306886.892041203,3,Goal reached.
1780307187421871500,3923,1780307187421533108,,1780306886892041203,/move_base-3-1780306886.892041203,3,Goal reached.
1780307187621756551,3924,1780307187621519723,,1780306886892041203,/move_base-3-1780306886.892041203,3,Goal reached.
1780307187821861659,3925,1780307187821544361,,1780306886892041203,/move_base-3-1780306886.892041203,3,Goal reached.
1780307188021866868,3926,1780307188021551758,,1780306886892041203,/move_base-3-1780306886.892041203,3,Goal reached.
1780307188221903589,3927,1780307188221542645,,1780306886892041203,/move_base-3-1780306886.892041203,3,Goal reached.
1780307188424252649,3928,1780307188421585720,,1780306886892041203,/move_base-3-1780306886.892041203,3,Goal reached.
1780307188622206411,3929,1780307188621589159,,1780306886892041203,/move_base-3-1780306886.892041203,3,Goal reached.
1780307188821868228,3930,1780307188821586295,,1780306886892041203,/move_base-3-1780306886.892041203,3,Goal reached.
1780307189024527971,3931,1780307189021588484,,1780306886892041203,/move_base-3-1780306886.892041203,3,Goal reached.
1780307189221845574,3932,1780307189221541662,,1780306886892041203,/move_base-3-1780306886.892041203,3,Goal reached.
1780307189421899222,3933,1780307189421543121,,1780306886892041203,/move_base-3-1780306886.892041203,3,Goal reached.
1780307189622002768,3934,1780307189621537394,,1780306886892041203,/move_base-3-1780306886.892041203,3,Goal reached.
1780307189821795265,3935,1780307189821526041,,1780306886892041203,/move_base-3-1780306886.892041203,3,Goal reached.
1780307190021908914,3936,1780307190021565209,,1780306886892041203,/move_base-3-1780306886.892041203,3,Goal reached.
1780307190221798705,3937,1780307190221528595,,1780306886892041203,/move_base-3-1780306886.892041203,3,Goal reached.
1780307190421794071,3938,1780307190421529222,,1780306886892041203,/move_base-3-1780306886.892041203,3,Goal reached.
1780307190621822146,3939,1780307190621534119,,1780306886892041203,/move_base-3-1780306886.892041203,3,Goal reached.
1780307190821864648,3940,1780307190821540996,,1780306886892041203,/move_base-3-1780306886.892041203,3,Goal reached.
1780307191021813919,3941,1780307191021534591,,1780306886892041203,/move_base-3-1780306886.892041203,3,Goal reached.
1780307191221998508,3942,1780307191221547509,,1780306886892041203,/move_base-3-1780306886.892041203,3,Goal reached.
1780307191421802307,3943,1780307191421507249,,1780306886892041203,/move_base-3-1780306886.892041203,3,Goal reached.
1780307191621850695,3944,1780307191621535011,,1780306886892041203,/move_base-3-1780306886.892041203,3,Goal reached.
1780307191821856373,3945,1780307191821545898,,1780306886892041203,/move_base-3-1780306886.892041203,3,Goal reached.
1780307192022079296,3946,1780307192021624599,,1780306886892041203,/move_base-3-1780306886.892041203,3,Goal reached.
1780307192221862105,3947,1780307192221546318,,1780306886892041203,/move_base-3-1780306886.892041203,3,Goal reached.
1780307192421934921,3948,1780307192421559080,,1780306886892041203,/move_base-3-1780306886.892041203,3,Goal reached.
1780307192621860285,3949,1780307192621550018,,1780306886892041203,/move_base-3-1780306886.892041203,3,Goal reached.
1780307192821860391,3950,1780307192821549187,,1780306886892041203,/move_base-3-1780306886.892041203,3,Goal reached.
1780307193021744036,3951,1780307193021532625,,1780306886892041203,/move_base-3-1780306886.892041203,3,Goal reached.
1780307193224979259,3952,1780307193221543356,,1780306886892041203,/move_base-3-1780306886.892041203,3,Goal reached.
1780307193421831644,3953,1780307193421540336,,1780306886892041203,/move_base-3-1780306886.892041203,3,Goal reached.
1780307193622139725,3954,1780307193621723779,,1780306886892041203,/move_base-3-1780306886.892041203,3,Goal reached.
1780307193821879773,3955,1780307193821536745,,1780306886892041203,/move_base-3-1780306886.892041203,3,Goal reached.
1780307194021802169,3956,1780307194021542997,,1780306886892041203,/move_base-3-1780306886.892041203,3,Goal reached.
1780307194223614394,3957,1780307194221586020,,1780306886892041203,/move_base-3-1780306886.892041203,3,Goal reached.
1780307194421977592,3958,1780307194421547583,,1780306886892041203,/move_base-3-1780306886.892041203,3,Goal reached.
1780307194621883945,3959,1780307194621549303,,1780306886892041203,/move_base-3-1780306886.892041203,3,Goal reached.
1780307194822192130,3960,1780307194821588159,,1780306886892041203,/move_base-3-1780306886.892041203,3,Goal reached.
1780307195024830102,3961,1780307195021581129,,1780306886892041203,/move_base-3-1780306886.892041203,3,Goal reached.
1780307195221837438,3962,1780307195221545192,,1780306886892041203,/move_base-3-1780306886.892041203,3,Goal reached.
1780307195421991192,3963,1780307195421544465,,1780306886892041203,/move_base-3-1780306886.892041203,3,Goal reached.
1780307195622078435,3964,1780307195621563008,,1780306886892041203,/move_base-3-1780306886.892041203,3,Goal reached.
1780307195822053384,3965,1780307195821611917,,1780306886892041203,/move_base-3-1780306886.892041203,3,Goal reached.
1780307196022091563,3966,1780307196021594105,,1780306886892041203,/move_base-3-1780306886.892041203,3,Goal reached.
1780307196221783173,3967,1780307196221525563,,1780306886892041203,/move_base-3-1780306886.892041203,3,Goal reached.
1780307196421967813,3968,1780307196421525304,,1780306886892041203,/move_base-3-1780306886.892041203,3,Goal reached.
1780307196621851614,3969,1780307196621547806,,1780306886892041203,/move_base-3-1780306886.892041203,3,Goal reached.
1780307196821825313,3970,1780307196821534630,,1780306886892041203,/move_base-3-1780306886.892041203,3,Goal reached.
1780307197021852555,3971,1780307197021548226,,1780306886892041203,/move_base-3-1780306886.892041203,3,Goal reached.
1780307197221873442,3972,1780307197221544894,,1780306886892041203,/move_base-3-1780306886.892041203,3,Goal reached.
1780307197421964591,3973,1780307197421543957,,1780306886892041203,/move_base-3-1780306886.892041203,3,Goal reached.
1780307197622055375,3974,1780307197621538438,,1780306886892041203,/move_base-3-1780306886.892041203,3,Goal reached.
1780307197821916051,3975,1780307197821533856,,1780306886892041203,/move_base-3-1780306886.892041203,3,Goal reached.
1780307198021988189,3976,1780307198021558337,,1780306886892041203,/move_base-3-1780306886.892041203,3,Goal reached.
1780307198224273289,3977,1780307198221549015,,1780306886892041203,/move_base-3-1780306886.892041203,3,Goal reached.
1780307198421851314,3978,1780307198421550579,,1780306886892041203,/move_base-3-1780306886.892041203,3,Goal reached.
1780307198622043611,3979,1780307198621595373,,1780306886892041203,/move_base-3-1780306886.892041203,3,Goal reached.
1780307198821896005,3980,1780307198821559853,,1780306886892041203,/move_base-3-1780306886.892041203,3,Goal reached.
1780307199021819755,3981,1780307199021534645,,1780306886892041203,/move_base-3-1780306886.892041203,3,Goal reached.
1780307199222008615,3982,1780307199221702098,,1780306886892041203,/move_base-3-1780306886.892041203,3,Goal reached.
1780307199422016481,3983,1780307199421610379,,1780306886892041203,/move_base-3-1780306886.892041203,3,Goal reached.
1780307199623405104,3984,1780307199621552723,,1780306886892041203,/move_base-3-1780306886.892041203,3,Goal reached.
1780307199822102423,3985,1780307199821660330,,1780306886892041203,/move_base-3-1780306886.892041203,3,Goal reached.
1780307200022101018,3986,1780307200021640852,,1780306886892041203,/move_base-3-1780306886.892041203,3,Goal reached.
1780307200221858514,3987,1780307200221541945,,1780306886892041203,/move_base-3-1780306886.892041203,3,Goal reached.
1780307200421853099,3988,1780307200421554864,,1780306886892041203,/move_base-3-1780306886.892041203,3,Goal reached.
1780307200622763900,3989,1780307200621553667,,1780306886892041203,/move_base-3-1780306886.892041203,3,Goal reached.
1780307200822258891,3990,1780307200821563044,,1780306886892041203,/move_base-3-1780306886.892041203,3,Goal reached.
1780307201023196203,3991,1780307201021548826,,1780306886892041203,/move_base-3-1780306886.892041203,3,Goal reached.
1780307201223415740,3992,1780307201222770571,,1780306886892041203,/move_base-3-1780306886.892041203,3,Goal reached.
1780307201421854304,3993,1780307201421538776,,1780306886892041203,/move_base-3-1780306886.892041203,3,Goal reached.
1780307201622018475,3994,1780307201621611383,,1780306886892041203,/move_base-3-1780306886.892041203,3,Goal reached.
1780307201821994517,3995,1780307201821600082,,1780306886892041203,/move_base-3-1780306886.892041203,3,Goal reached.
1780307202022228690,3996,1780307202021628834,,1780306886892041203,/move_base-3-1780306886.892041203,3,Goal reached.
1780307202221859934,3997,1780307202221546699,,1780306886892041203,/move_base-3-1780306886.892041203,3,Goal reached.
1780307202421867957,3998,1780307202421539148,,1780306886892041203,/move_base-3-1780306886.892041203,3,Goal reached.
1780307202621850197,3999,1780307202621549931,,1780306886892041203,/move_base-3-1780306886.892041203,3,Goal reached.
1780307202821873689,4000,1780307202821543005,,1780306886892041203,/move_base-3-1780306886.892041203,3,Goal reached.
1780307203021980880,4001,1780307203021538266,,1780306886892041203,/move_base-3-1780306886.892041203,3,Goal reached.
1780307203221829576,4002,1780307203221542226,,1780306886892041203,/move_base-3-1780306886.892041203,3,Goal reached.
1780307203421831036,4003,1780307203421537123,,1780306886892041203,/move_base-3-1780306886.892041203,3,Goal reached.
1780307203621885517,4004,1780307203621546031,,1780306886892041203,/move_base-3-1780306886.892041203,3,Goal reached.
1780307203821922030,4005,1780307203821562752,,1780306886892041203,/move_base-3-1780306886.892041203,3,Goal reached.
1780307204021901770,4006,1780307204021549628,,1780306886892041203,/move_base-3-1780306886.892041203,3,Goal reached.
1780307204221862292,4007,1780307204221569473,,1780306886892041203,/move_base-3-1780306886.892041203,3,Goal reached.
1780307204421832865,4008,1780307204421543953,,1780306886892041203,/move_base-3-1780306886.892041203,3,Goal reached.
1780307204622007349,4009,1780307204621565413,,1780306886892041203,/move_base-3-1780306886.892041203,3,Goal reached.
1780307204821855577,4010,1780307204821544841,,1780306886892041203,/move_base-3-1780306886.892041203,3,Goal reached.
1780307205021930892,4011,1780307205021548124,,1780306886892041203,/move_base-3-1780306886.892041203,3,Goal reached.
1780307205221846517,4012,1780307205221544427,,1780306886892041203,/move_base-3-1780306886.892041203,3,Goal reached.
1780307205421910947,4013,1780307205421544481,,1780306886892041203,/move_base-3-1780306886.892041203,3,Goal reached.
1780307205621892875,4014,1780307205621595108,,1780306886892041203,/move_base-3-1780306886.892041203,3,Goal reached.
1780307205821964596,4015,1780307205821612245,,1780306886892041203,/move_base-3-1780306886.892041203,3,Goal reached.
1780307206021856523,4016,1780307206021544485,,1780306886892041203,/move_base-3-1780306886.892041203,3,Goal reached.
1780307206221997308,4017,1780307206221541049,,1780306886892041203,/move_base-3-1780306886.892041203,3,Goal reached.
1780307206421941996,4018,1780307206421546779,,1780306886892041203,/move_base-3-1780306886.892041203,3,Goal reached.
1780307206621907569,4019,1780307206621542041,,1780306886892041203,/move_base-3-1780306886.892041203,3,Goal reached.
1780307206821846267,4020,1780307206821542563,,1780306886892041203,/move_base-3-1780306886.892041203,3,Goal reached.
1780307207021923614,4021,1780307207021562721,,1780306886892041203,/move_base-3-1780306886.892041203,3,Goal reached.
1780307207221904813,4022,1780307207221546108,,1780306886892041203,/move_base-3-1780306886.892041203,3,Goal reached.
1780307207421942784,4023,1780307207421547515,,1780306886892041203,/move_base-3-1780306886.892041203,3,Goal reached.
1780307207621974765,4024,1780307207621561684,,1780306886892041203,/move_base-3-1780306886.892041203,3,Goal reached.
1780307207822301440,4025,1780307207821703667,,1780306886892041203,/move_base-3-1780306886.892041203,3,Goal reached.
1780307208021933413,4026,1780307208021551686,,1780306886892041203,/move_base-3-1780306886.892041203,3,Goal reached.
1780307208221896643,4027,1780307208221599970,,1780306886892041203,/move_base-3-1780306886.892041203,3,Goal reached.
1780307208421830497,4028,1780307208421539033,,1780306886892041203,/move_base-3-1780306886.892041203,3,Goal reached.
1780307208623112712,4029,1780307208622395614,,1780306886892041203,/move_base-3-1780306886.892041203,3,Goal reached.
1780307208822053056,4030,1780307208821558671,,1780306886892041203,/move_base-3-1780306886.892041203,3,Goal reached.
1780307209023366782,4031,1780307209022976253,,1780306886892041203,/move_base-3-1780306886.892041203,3,Goal reached.
1780307209221835242,4032,1780307209221542267,,1780306886892041203,/move_base-3-1780306886.892041203,3,Goal reached.
1780307209421846233,4033,1780307209421549612,,1780306886892041203,/move_base-3-1780306886.892041203,3,Goal reached.
1780307209621845453,4034,1780307209621541749,,1780306886892041203,/move_base-3-1780306886.892041203,3,Goal reached.
1780307209822251296,4035,1780307209821578574,,1780306886892041203,/move_base-3-1780306886.892041203,3,Goal reached.
1780307210021910718,4036,1780307210021559877,,1780306886892041203,/move_base-3-1780306886.892041203,3,Goal reached.
1780307210221879677,4037,1780307210221536857,,1780306886892041203,/move_base-3-1780306886.892041203,3,Goal reached.
1780307210421858792,4038,1780307210421550869,,1780306886892041203,/move_base-3-1780306886.892041203,3,Goal reached.
1780307210622355262,4039,1780307210621635820,,1780306886892041203,/move_base-3-1780306886.892041203,3,Goal reached.
1780307210822177968,4040,1780307210821595144,,1780306886892041203,/move_base-3-1780306886.892041203,3,Goal reached.
1780307211022670480,4041,1780307211021547071,,1780306886892041203,/move_base-3-1780306886.892041203,3,Goal reached.
1780307211221963696,4042,1780307211221549416,,1780306886892041203,/move_base-3-1780306886.892041203,3,Goal reached.
1780307211421943176,4043,1780307211421547126,,1780306886892041203,/move_base-3-1780306886.892041203,3,Goal reached.
1780307211621945729,4044,1780307211621564419,,1780306886892041203,/move_base-3-1780306886.892041203,3,Goal reached.
1780307211821925730,4045,1780307211821554108,,1780306886892041203,/move_base-3-1780306886.892041203,3,Goal reached.
1780307212021909898,4046,1780307212021541401,,1780306886892041203,/move_base-3-1780306886.892041203,3,Goal reached.
1780307212221997662,4047,1780307212221630883,,1780306886892041203,/move_base-3-1780306886.892041203,3,Goal reached.
1780307212421845472,4048,1780307212421555206,,1780306886892041203,/move_base-3-1780306886.892041203,3,Goal reached.
1780307212622088604,4049,1780307212621654428,,1780306886892041203,/move_base-3-1780306886.892041203,3,Goal reached.
1780307212822003968,4050,1780307212821647086,,1780306886892041203,/move_base-3-1780306886.892041203,3,Goal reached.
1780307213021845997,4051,1780307213021547970,,1780306886892041203,/move_base-3-1780306886.892041203,3,Goal reached.
1780307213221903812,4052,1780307213221541982,,1780306886892041203,/move_base-3-1780306886.892041203,3,Goal reached.
1780307213422007878,4053,1780307213421592297,,1780306886892041203,/move_base-3-1780306886.892041203,3,Goal reached.
1780307213622074652,4054,1780307213621659591,,1780306886892041203,/move_base-3-1780306886.892041203,3,Goal reached.
1780307213822199604,4055,1780307213821570424,,1780306886892041203,/move_base-3-1780306886.892041203,3,Goal reached.
1780307214021880015,4056,1780307214021543498,,1780306886892041203,/move_base-3-1780306886.892041203,3,Goal reached.
1780307214221936164,4057,1780307214221547301,,1780306886892041203,/move_base-3-1780306886.892041203,3,Goal reached.
1780307214421976634,4058,1780307214421600637,,1780306886892041203,/move_base-3-1780306886.892041203,3,Goal reached.
1780307214621869967,4059,1780307214621551263,,1780306886892041203,/move_base-3-1780306886.892041203,3,Goal reached.
1780307214821859031,4060,1780307214821549545,,1780306886892041203,/move_base-3-1780306886.892041203,3,Goal reached.
1780307215022022108,4061,1780307215021554234,,1780306886892041203,/move_base-3-1780306886.892041203,3,Goal reached.
1780307215221921118,4062,1780307215221542569,,1780306886892041203,/move_base-3-1780306886.892041203,3,Goal reached.
1780307215423065882,4063,1780307215421569185,,1780306886892041203,/move_base-3-1780306886.892041203,3,Goal reached.
1780307215624264970,4064,1780307215621558197,,1780306886892041203,/move_base-3-1780306886.892041203,3,Goal reached.
1780307215822313057,4065,1780307215821571636,,1780306886892041203,/move_base-3-1780306886.892041203,3,Goal reached.
1780307216022540355,4066,1780307216021555595,,1780306886892041203,/move_base-3-1780306886.892041203,3,Goal reached.
1780307216221876436,4067,1780307216221550701,,1780306886892041203,/move_base-3-1780306886.892041203,3,Goal reached.
1780307216421896386,4068,1780307216421563463,,1780306886892041203,/move_base-3-1780306886.892041203,3,Goal reached.
1780307216621847376,4069,1780307216621548464,,1780306886892041203,/move_base-3-1780306886.892041203,3,Goal reached.
1780307216822544840,4070,1780307216821588935,,1780306886892041203,/move_base-3-1780306886.892041203,3,Goal reached.
1780307217021854827,4071,1780307217021549039,,1780306886892041203,/move_base-3-1780306886.892041203,3,Goal reached.
1780307217221924413,4072,1780307217221548937,,1780306886892041203,/move_base-3-1780306886.892041203,3,Goal reached.
1780307217421887487,4073,1780307217421546073,,1780306886892041203,/move_base-3-1780306886.892041203,3,Goal reached.
1780307217621931291,4074,1780307217621545918,,1780306886892041203,/move_base-3-1780306886.892041203,3,Goal reached.
1780307217821854624,4075,1780307217821541180,,1780306886892041203,/move_base-3-1780306886.892041203,3,Goal reached.
1780307218022216351,4076,1780307218021629829,,1780306886892041203,/move_base-3-1780306886.892041203,3,Goal reached.
1780307218223531536,4077,1780307218222484692,,1780306886892041203,/move_base-3-1780306886.892041203,3,Goal reached.
1780307218422619748,4078,1780307218421552591,,1780306886892041203,/move_base-3-1780306886.892041203,3,Goal reached.
1780307218621931558,4079,1780307218621591968,,1780306886892041203,/move_base-3-1780306886.892041203,3,Goal reached.
1780307218824843181,4080,1780307218823956913,,1780306886892041203,/move_base-3-1780306886.892041203,3,Goal reached.
1780307219022143805,4081,1780307219021664941,,1780306886892041203,/move_base-3-1780306886.892041203,3,Goal reached.
1780307219221934687,4082,1780307219221611868,,1780306886892041203,/move_base-3-1780306886.892041203,3,Goal reached.
1780307219421886094,4083,1780307219421574942,,1780306886892041203,/move_base-3-1780306886.892041203,3,Goal reached.
1780307219621836667,4084,1780307219621542807,,1780306886892041203,/move_base-3-1780306886.892041203,3,Goal reached.
1780307219821838804,4085,1780307219821538485,,1780306886892041203,/move_base-3-1780306886.892041203,3,Goal reached.
1780307220021890890,4086,1780307220021543174,,1780306886892041203,/move_base-3-1780306886.892041203,3,Goal reached.
1780307220221864901,4087,1780307220221548072,,1780306886892041203,/move_base-3-1780306886.892041203,3,Goal reached.
1780307220422074907,4088,1780307220421635262,,1780306886892041203,/move_base-3-1780306886.892041203,3,Goal reached.
1780307220622014855,4089,1780307220621720161,,1780306886892041203,/move_base-3-1780306886.892041203,3,Goal reached.
1780307220821839228,4090,1780307220821544794,,1780306886892041203,/move_base-3-1780306886.892041203,3,Goal reached.
1780307221022145381,4091,1780307221021751206,,1780306886892041203,/move_base-3-1780306886.892041203,3,Goal reached.
1780307221221941941,4092,1780307221221545787,,1780306886892041203,/move_base-3-1780306886.892041203,3,Goal reached.
1780307221421828450,4093,1780307221421541257,,1780306886892041203,/move_base-3-1780306886.892041203,3,Goal reached.
1780307221621886838,4094,1780307221621535841,,1780306886892041203,/move_base-3-1780306886.892041203,3,Goal reached.
1780307221821969810,4095,1780307221821517822,,1780306886892041203,/move_base-3-1780306886.892041203,3,Goal reached.
1780307222021924290,4096,1780307222021596002,,1780306886892041203,/move_base-3-1780306886.892041203,3,Goal reached.
1780307222222204297,4097,1780307222221593503,,1780306886892041203,/move_base-3-1780306886.892041203,3,Goal reached.
1780307222421917678,4098,1780307222421587254,,1780306886892041203,/move_base-3-1780306886.892041203,3,Goal reached.
1780307222621850855,4099,1780307222621548088,,1780306886892041203,/move_base-3-1780306886.892041203,3,Goal reached.
1780307222822213051,4100,1780307222821549860,,1780306886892041203,/move_base-3-1780306886.892041203,3,Goal reached.
1780307223021944661,4101,1780307223021545174,,1780306886892041203,/move_base-3-1780306886.892041203,3,Goal reached.
1780307223221874401,4102,1780307223221550228,,1780306886892041203,/move_base-3-1780306886.892041203,3,Goal reached.
1780307223421870496,4103,1780307223421551583,,1780306886892041203,/move_base-3-1780306886.892041203,3,Goal reached.
1780307223621826121,4104,1780307223621543303,,1780306886892041203,/move_base-3-1780306886.892041203,3,Goal reached.
1780307223821918781,4105,1780307223821559034,,1780306886892041203,/move_base-3-1780306886.892041203,3,Goal reached.
1780307224021828103,4106,1780307224021544556,,1780306886892041203,/move_base-3-1780306886.892041203,3,Goal reached.
1780307224221842949,4107,1780307224221540651,,1780306886892041203,/move_base-3-1780306886.892041203,3,Goal reached.
1780307224421758313,4108,1780307224421524194,,1780306886892041203,/move_base-3-1780306886.892041203,3,Goal reached.
1780307224621848993,4109,1780307224621540289,,1780306886892041203,/move_base-3-1780306886.892041203,3,Goal reached.
1780307224821888579,4110,1780307224821548936,,1780306886892041203,/move_base-3-1780306886.892041203,3,Goal reached.
1780307225024400454,4111,1780307225022611251,,1780306886892041203,/move_base-3-1780306886.892041203,3,Goal reached.
1780307225221995094,4112,1780307225221670713,,1780306886892041203,/move_base-3-1780306886.892041203,3,Goal reached.
1780307225422021815,4113,1780307225421562378,,1780306886892041203,/move_base-3-1780306886.892041203,3,Goal reached.
1780307225621894730,4114,1780307225621546286,,1780306886892041203,/move_base-3-1780306886.892041203,3,Goal reached.
1780307225822329428,4115,1780307225821602069,,1780306886892041203,/move_base-3-1780306886.892041203,3,Goal reached.
1780307226023107101,4116,1780307226021549570,,1780306886892041203,/move_base-3-1780306886.892041203,3,Goal reached.
1780307226223396900,4117,1780307226221543477,,1780306886892041203,/move_base-3-1780306886.892041203,3,Goal reached.
1780307226421838797,4118,1780307226421541864,,1780306886892041203,/move_base-3-1780306886.892041203,3,Goal reached.
1780307226621919008,4119,1780307226621563012,,1780306886892041203,/move_base-3-1780306886.892041203,3,Goal reached.
1780307226822022970,4120,1780307226821714526,,1780306886892041203,/move_base-3-1780306886.892041203,3,Goal reached.
1780307227021922917,4121,1780307227021537858,,1780306886892041203,/move_base-3-1780306886.892041203,3,Goal reached.
1780307227221928544,4122,1780307227221563224,,1780306886892041203,/move_base-3-1780306886.892041203,3,Goal reached.
1780307227421844481,4123,1780307227421543433,,1780306886892041203,/move_base-3-1780306886.892041203,3,Goal reached.
1780307227621851514,4124,1780307227621544476,,1780306886892041203,/move_base-3-1780306886.892041203,3,Goal reached.
1780307227822265690,4125,1780307227821594947,,1780306886892041203,/move_base-3-1780306886.892041203,3,Goal reached.
1780307228021842818,4126,1780307228021542396,,1780306886892041203,/move_base-3-1780306886.892041203,3,Goal reached.
1780307228221859174,4127,1780307228221546043,,1780306886892041203,/move_base-3-1780306886.892041203,3,Goal reached.
1780307228422693984,4128,1780307228421544221,,1780306886892041203,/move_base-3-1780306886.892041203,3,Goal reached.
1780307228621895636,4129,1780307228621538702,,1780306886892041203,/move_base-3-1780306886.892041203,3,Goal reached.
1780307228821913763,4130,1780307228821548912,,1780306886892041203,/move_base-3-1780306886.892041203,3,Goal reached.
1780307229021751521,4131,1780307229021524381,,1780306886892041203,/move_base-3-1780306886.892041203,3,Goal reached.
1780307229221827097,4132,1780307229221538289,,1780306886892041203,/move_base-3-1780306886.892041203,3,Goal reached.
1780307229421866579,4133,1780307229421550166,,1780306886892041203,/move_base-3-1780306886.892041203,3,Goal reached.
1780307229621952155,4134,1780307229621555219,,1780306886892041203,/move_base-3-1780306886.892041203,3,Goal reached.
1780307229821897571,4135,1780307229821548762,,1780306886892041203,/move_base-3-1780306886.892041203,3,Goal reached.
1780307230022721600,4136,1780307230021578608,,1780306886892041203,/move_base-3-1780306886.892041203,3,Goal reached.
1780307230221916637,4137,1780307230221544234,,1780306886892041203,/move_base-3-1780306886.892041203,3,Goal reached.
1780307230421833928,4138,1780307230421534443,,1780306886892041203,/move_base-3-1780306886.892041203,3,Goal reached.
1780307230621944974,4139,1780307230621561528,,1780306886892041203,/move_base-3-1780306886.892041203,3,Goal reached.
1780307230821903151,4140,1780307230821535436,,1780306886892041203,/move_base-3-1780306886.892041203,3,Goal reached.
1780307231022158158,4141,1780307231021591323,,1780306886892041203,/move_base-3-1780306886.892041203,3,Goal reached.
1780307231221832944,4142,1780307231221548668,,1780306886892041203,/move_base-3-1780306886.892041203,3,Goal reached.
1780307231424580918,4143,1780307231421811956,,1780306886892041203,/move_base-3-1780306886.892041203,3,Goal reached.
1780307231622457751,4144,1780307231622029878,,1780306886892041203,/move_base-3-1780306886.892041203,3,Goal reached.
1780307231821942430,4145,1780307231821565495,,1780306886892041203,/move_base-3-1780306886.892041203,3,Goal reached.
1780307232021824304,4146,1780307232021528673,,1780306886892041203,/move_base-3-1780306886.892041203,3,Goal reached.
1780307232221886077,4147,1780307232221544612,,1780306886892041203,/move_base-3-1780306886.892041203,3,Goal reached.
1780307232421909673,4148,1780307232421554041,,1780306886892041203,/move_base-3-1780306886.892041203,3,Goal reached.
1780307232622124106,4149,1780307232621626908,,1780306886892041203,/move_base-3-1780306886.892041203,3,Goal reached.
1780307232823418352,4150,1780307232822974541,,1780306886892041203,/move_base-3-1780306886.892041203,3,Goal reached.
1780307233021883270,4151,1780307233021545503,,1780306886892041203,/move_base-3-1780306886.892041203,3,Goal reached.
1780307233221953169,4152,1780307233221596287,,1780306886892041203,/move_base-3-1780306886.892041203,3,Goal reached.
1780307233421954941,4153,1780307233421541651,,1780306886892041203,/move_base-3-1780306886.892041203,3,Goal reached.
1780307233621844159,4154,1780307233621547695,,1780306886892041203,/move_base-3-1780306886.892041203,3,Goal reached.
1780307233821977340,4155,1780307233821589468,,1780306886892041203,/move_base-3-1780306886.892041203,3,Goal reached.
1780307234021799890,4156,1780307234021538739,,1780306886892041203,/move_base-3-1780306886.892041203,3,Goal reached.
1780307234222021562,4157,1780307234221629784,,1780306886892041203,/move_base-3-1780306886.892041203,3,Goal reached.
1780307234421785726,4158,1780307234421526345,,1780306886892041203,/move_base-3-1780306886.892041203,3,Goal reached.
1780307234621846562,4159,1780307234621543847,,1780306886892041203,/move_base-3-1780306886.892041203,3,Goal reached.
1780307234822155059,4160,1780307234821710675,,1780306886892041203,/move_base-3-1780306886.892041203,3,Goal reached.
1780307235022035735,4161,1780307235021573121,,1780306886892041203,/move_base-3-1780306886.892041203,3,Goal reached.
1780307235222047507,4162,1780307235221594790,,1780306886892041203,/move_base-3-1780306886.892041203,3,Goal reached.
1780307235421924902,4163,1780307235421556301,,1780306886892041203,/move_base-3-1780306886.892041203,3,Goal reached.
1780307235621965842,4164,1780307235621533229,,1780306886892041203,/move_base-3-1780306886.892041203,3,Goal reached.
1780307235821856882,4165,1780307235821540418,,1780306886892041203,/move_base-3-1780306886.892041203,3,Goal reached.
1780307236021829904,4166,1780307236021538544,,1780306886892041203,/move_base-3-1780306886.892041203,3,Goal reached.
1780307236221830739,4167,1780307236221541202,,1780306886892041203,/move_base-3-1780306886.892041203,3,Goal reached.
1780307236422304969,4168,1780307236421828396,,1780306886892041203,/move_base-3-1780306886.892041203,3,Goal reached.
1780307236621796574,4169,1780307236621531933,,1780306886892041203,/move_base-3-1780306886.892041203,3,Goal reached.
1780307236822165437,4170,1780307236821559540,,1780306886892041203,/move_base-3-1780306886.892041203,3,Goal reached.
1780307237021863245,4171,1780307237021546207,,1780306886892041203,/move_base-3-1780306886.892041203,3,Goal reached.
1780307237222813943,4172,1780307237221544282,,1780306886892041203,/move_base-3-1780306886.892041203,3,Goal reached.
1780307237421927051,4173,1780307237421603034,,1780306886892041203,/move_base-3-1780306886.892041203,3,Goal reached.
1780307237621827103,4174,1780307237621541263,,1780306886892041203,/move_base-3-1780306886.892041203,3,Goal reached.
1780307237821893147,4175,1780307237821546473,,1780306886892041203,/move_base-3-1780306886.892041203,3,Goal reached.
1780307238022458889,4176,1780307238021979296,,1780306886892041203,/move_base-3-1780306886.892041203,3,Goal reached.
1780307238222152530,4177,1780307238221544809,,1780306886892041203,/move_base-3-1780306886.892041203,3,Goal reached.
1780307238421877994,4178,1780307238421568249,,1780306886892041203,/move_base-3-1780306886.892041203,3,Goal reached.
1780307238621949924,4179,1780307238621557937,,1780306886892041203,/move_base-3-1780306886.892041203,3,Goal reached.
1780307238823289797,4180,1780307238822812756,,1780306886892041203,/move_base-3-1780306886.892041203,3,Goal reached.
1780307239021902687,4181,1780307239021546690,,1780306886892041203,/move_base-3-1780306886.892041203,3,Goal reached.
1780307239221850135,4182,1780307239221544347,,1780306886892041203,/move_base-3-1780306886.892041203,3,Goal reached.
1780307239422392230,4183,1780307239421546276,,1780306886892041203,/move_base-3-1780306886.892041203,3,Goal reached.
1780307239623270271,4184,1780307239621569142,,1780306886892041203,/move_base-3-1780306886.892041203,3,Goal reached.
1780307239822054778,4185,1780307239821594717,,1780306886892041203,/move_base-3-1780306886.892041203,3,Goal reached.
1780307240021952278,4186,1780307240021598885,,1780306886892041203,/move_base-3-1780306886.892041203,3,Goal reached.
1780307240222547552,4187,1780307240221556334,,1780306886892041203,/move_base-3-1780306886.892041203,3,Goal reached.
1780307240423885549,4188,1780307240422746411,,1780306886892041203,/move_base-3-1780306886.892041203,3,Goal reached.
1780307240622097337,4189,1780307240621789935,,1780306886892041203,/move_base-3-1780306886.892041203,3,Goal reached.
1780307240821787697,4190,1780307240821533525,,1780306886892041203,/move_base-3-1780306886.892041203,3,Goal reached.
1780307241022340157,4191,1780307241021967910,,1780306886892041203,/move_base-3-1780306886.892041203,3,Goal reached.
1780307241221868326,4192,1780307241221546965,,1780306886892041203,/move_base-3-1780306886.892041203,3,Goal reached.
1780307241421883953,4193,1780307241421540560,,1780306886892041203,/move_base-3-1780306886.892041203,3,Goal reached.
1780307241622075781,4194,1780307241621558479,,1780306886892041203,/move_base-3-1780306886.892041203,3,Goal reached.
1780307241822843506,4195,1780307241821843798,,1780306886892041203,/move_base-3-1780306886.892041203,3,Goal reached.
1780307242022042502,4196,1780307242021539210,,1780306886892041203,/move_base-3-1780306886.892041203,3,Goal reached.
1780307242223185964,4197,1780307242222473501,,1780306886892041203,/move_base-3-1780306886.892041203,3,Goal reached.
1780307242421928544,4198,1780307242421558849,,1780306886892041203,/move_base-3-1780306886.892041203,3,Goal reached.
1780307242622244801,4199,1780307242621908545,,1780306886892041203,/move_base-3-1780306886.892041203,3,Goal reached.
1780307242822229282,4200,1780307242821904796,,1780306886892041203,/move_base-3-1780306886.892041203,3,Goal reached.
1780307243023757960,4201,1780307243023212063,,1780306886892041203,/move_base-3-1780306886.892041203,3,Goal reached.
1780307243221931935,4202,1780307243221590105,,1780306886892041203,/move_base-3-1780306886.892041203,3,Goal reached.
1780307243421825528,4203,1780307243421542866,,1780306886892041203,/move_base-3-1780306886.892041203,3,Goal reached.
1780307243621842404,4204,1780307243621546825,,1780306886892041203,/move_base-3-1780306886.892041203,3,Goal reached.
1780307243822021472,4205,1780307243821694798,,1780306886892041203,/move_base-3-1780306886.892041203,3,Goal reached.
1780307244021750009,4206,1780307244021525786,,1780306886892041203,/move_base-3-1780306886.892041203,3,Goal reached.
1780307244221861367,4207,1780307244221544434,,1780306886892041203,/move_base-3-1780306886.892041203,3,Goal reached.
1780307244421991267,4208,1780307244421542716,,1780306886892041203,/move_base-3-1780306886.892041203,3,Goal reached.
1780307244622177105,4209,1780307244621603448,,1780306886892041203,/move_base-3-1780306886.892041203,3,Goal reached.
1780307244822144502,4210,1780307244821532510,,1780306886892041203,/move_base-3-1780306886.892041203,3,Goal reached.
1780307245022954989,4211,1780307245021542356,,1780306886892041203,/move_base-3-1780306886.892041203,3,Goal reached.
1780307245221765122,4212,1780307245221523867,,1780306886892041203,/move_base-3-1780306886.892041203,3,Goal reached.
1780307245423014420,4213,1780307245421748456,,1780306886892041203,/move_base-3-1780306886.892041203,3,Goal reached.
1780307245621885544,4214,1780307245621532099,,1780306886892041203,/move_base-3-1780306886.892041203,3,Goal reached.
1780307245824000588,4215,1780307245821583039,,1780306886892041203,/move_base-3-1780306886.892041203,3,Goal reached.
1780307246021944194,4216,1780307246021533039,,1780306886892041203,/move_base-3-1780306886.892041203,3,Goal reached.
1780307246221855287,4217,1780307246221531374,,1780306886892041203,/move_base-3-1780306886.892041203,3,Goal reached.
1780307246421840653,4218,1780307246421539084,,1780306886892041203,/move_base-3-1780306886.892041203,3,Goal reached.
1780307246622224464,4219,1780307246621582680,,1780306886892041203,/move_base-3-1780306886.892041203,3,Goal reached.
1780307246821902636,4220,1780307246821529816,,1780306886892041203,/move_base-3-1780306886.892041203,3,Goal reached.
1780307247021854094,4221,1780307247021524504,,1780306886892041203,/move_base-3-1780306886.892041203,3,Goal reached.
1780307247222391867,4222,1780307247221635706,,1780306886892041203,/move_base-3-1780306886.892041203,3,Goal reached.
1780307247422310148,4223,1780307247421519559,,1780306886892041203,/move_base-3-1780306886.892041203,3,Goal reached.
1780307247621841755,4224,1780307247621533571,,1780306886892041203,/move_base-3-1780306886.892041203,3,Goal reached.
1780307247821880871,4225,1780307247821539198,,1780306886892041203,/move_base-3-1780306886.892041203,3,Goal reached.
1780307248022211661,4226,1780307248021837382,,1780306886892041203,/move_base-3-1780306886.892041203,3,Goal reached.
1780307248221879207,4227,1780307248221546388,,1780306886892041203,/move_base-3-1780306886.892041203,3,Goal reached.
1780307248421822697,4228,1780307248421552796,,1780306886892041203,/move_base-3-1780306886.892041203,3,Goal reached.
1780307248624252592,4229,1780307248621773166,,1780306886892041203,/move_base-3-1780306886.892041203,3,Goal reached.
1780307248821947442,4230,1780307248821539100,,1780306886892041203,/move_base-3-1780306886.892041203,3,Goal reached.
1780307249027058693,4231,1780307249025248396,,1780306886892041203,/move_base-3-1780306886.892041203,3,Goal reached.
1780307249223071582,4232,1780307249222750065,,1780306886892041203,/move_base-3-1780306886.892041203,3,Goal reached.
1780307249421792443,4233,1780307249421528323,,1780306886892041203,/move_base-3-1780306886.892041203,3,Goal reached.
1780307249621750464,4234,1780307249621524418,,1780306886892041203,/move_base-3-1780306886.892041203,3,Goal reached.
1780307249821855884,4235,1780307249821543534,,1780306886892041203,/move_base-3-1780306886.892041203,3,Goal reached.
1780307250021950315,4236,1780307250021540411,,1780306886892041203,/move_base-3-1780306886.892041203,3,Goal reached.
1780307250222083704,4237,1780307250221610518,,1780306886892041203,/move_base-3-1780306886.892041203,3,Goal reached.
1780307250421756251,4238,1780307250421523798,,1780306886892041203,/move_base-3-1780306886.892041203,3,Goal reached.
1780307250626786563,4239,1780307250621613906,,1780306886892041203,/move_base-3-1780306886.892041203,3,Goal reached.
1780307250821902819,4240,1780307250821542968,,1780306886892041203,/move_base-3-1780306886.892041203,3,Goal reached.
1780307251022041938,4241,1780307251021557137,,1780306886892041203,/move_base-3-1780306886.892041203,3,Goal reached.
1780307251222034908,4242,1780307251221531512,,1780306886892041203,/move_base-3-1780306886.892041203,3,Goal reached.
1780307251421990690,4243,1780307251421571983,,1780306886892041203,/move_base-3-1780306886.892041203,3,Goal reached.
1780307251621765374,4244,1780307251621524744,,1780306886892041203,/move_base-3-1780306886.892041203,3,Goal reached.
1780307251821812772,4245,1780307251821542506,,1780306886892041203,/move_base-3-1780306886.892041203,3,Goal reached.
1780307252021972516,4246,1780307252021541101,,1780306886892041203,/move_base-3-1780306886.892041203,3,Goal reached.
1780307252221906371,4247,1780307252221519331,,1780306886892041203,/move_base-3-1780306886.892041203,3,Goal reached.
1780307252421822047,4248,1780307252421539802,,1780306886892041203,/move_base-3-1780306886.892041203,3,Goal reached.
1780307252624632470,4249,1780307252621543866,,1780306886892041203,/move_base-3-1780306886.892041203,3,Goal reached.
1780307252821822206,4250,1780307252821540586,,1780306886892041203,/move_base-3-1780306886.892041203,3,Goal reached.
1780307253021776530,4251,1780307253021536264,,1780306886892041203,/move_base-3-1780306886.892041203,3,Goal reached.
1780307253224225643,4252,1780307253223776415,,1780306886892041203,/move_base-3-1780306886.892041203,3,Goal reached.
1780307253422062319,4253,1780307253421546371,,1780306886892041203,/move_base-3-1780306886.892041203,3,Goal reached.
1780307253621784607,4254,1780307253621532102,,1780306886892041203,/move_base-3-1780306886.892041203,3,Goal reached.
1780307253824111218,4255,1780307253823457298,,1780306886892041203,/move_base-3-1780306886.892041203,3,Goal reached.
1780307254021916696,4256,1780307254021552522,,1780306886892041203,/move_base-3-1780306886.892041203,3,Goal reached.
1780307254222140139,4257,1780307254221547575,,1780306886892041203,/move_base-3-1780306886.892041203,3,Goal reached.
1780307254421874406,4258,1780307254421529972,,1780306886892041203,/move_base-3-1780306886.892041203,3,Goal reached.
1780307254621786176,4259,1780307254621528879,,1780306886892041203,/move_base-3-1780306886.892041203,3,Goal reached.
1780307254822002328,4260,1780307254821713103,,1780306886892041203,/move_base-3-1780306886.892041203,3,Goal reached.
1780307255021869826,4261,1780307255021540653,,1780306886892041203,/move_base-3-1780306886.892041203,3,Goal reached.
1780307255222110145,4262,1780307255221689043,,1780306886892041203,/move_base-3-1780306886.892041203,3,Goal reached.
1780307255421791286,4263,1780307255421527583,,1780306886892041203,/move_base-3-1780306886.892041203,3,Goal reached.
1780307255621908061,4264,1780307255621553626,,1780306886892041203,/move_base-3-1780306886.892041203,3,Goal reached.
1780307255823578825,4265,1780307255822444219,,1780306886892041203,/move_base-3-1780306886.892041203,3,Goal reached.
1780307256022085775,4266,1780307256021650714,,1780306886892041203,/move_base-3-1780306886.892041203,3,Goal reached.
1780307256222827250,4267,1780307256221653424,,1780306886892041203,/move_base-3-1780306886.892041203,3,Goal reached.
1780307256423264864,4268,1780307256422155259,,1780306886892041203,/move_base-3-1780306886.892041203,3,Goal reached.
1780307256621847597,4269,1780307256621541550,,1780306886892041203,/move_base-3-1780306886.892041203,3,Goal reached.
1780307256821993539,4270,1780307256821590250,,1780306886892041203,/move_base-3-1780306886.892041203,3,Goal reached.
1780307257021936300,4271,1780307257021527125,,1780306886892041203,/move_base-3-1780306886.892041203,3,Goal reached.
1780307257223408206,4272,1780307257222942051,,1780306886892041203,/move_base-3-1780306886.892041203,3,Goal reached.
1780307257422066722,4273,1780307257421544263,,1780306886892041203,/move_base-3-1780306886.892041203,3,Goal reached.
1780307257621878907,4274,1780307257621527285,,1780306886892041203,/move_base-3-1780306886.892041203,3,Goal reached.
1780307257823167737,4275,1780307257821673644,,1780306886892041203,/move_base-3-1780306886.892041203,3,Goal reached.
1780307258021846357,4276,1780307258021536194,,1780306886892041203,/move_base-3-1780306886.892041203,3,Goal reached.
1780307258221941412,4277,1780307258221549009,,1780306886892041203,/move_base-3-1780306886.892041203,3,Goal reached.
1780307258421941101,4278,1780307258421541770,,1780306886892041203,/move_base-3-1780306886.892041203,3,Goal reached.
1780307258622181732,4279,1780307258621633128,,1780306886892041203,/move_base-3-1780306886.892041203,3,Goal reached.
1780307258821943812,4280,1780307258821558961,,1780306886892041203,/move_base-3-1780306886.892041203,3,Goal reached.
1780307259021842145,4281,1780307259021543181,,1780306886892041203,/move_base-3-1780306886.892041203,3,Goal reached.
1780307259225428678,4282,1780307259221961992,,1780306886892041203,/move_base-3-1780306886.892041203,3,Goal reached.
1780307259422402576,4283,1780307259421981942,,1780306886892041203,/move_base-3-1780306886.892041203,3,Goal reached.
1780307259621813346,4284,1780307259621530684,,1780306886892041203,/move_base-3-1780306886.892041203,3,Goal reached.
1780307259821970174,4285,1780307259821597718,,1780306886892041203,/move_base-3-1780306886.892041203,3,Goal reached.
1780307260021758765,4286,1780307260021527302,,1780306886892041203,/move_base-3-1780306886.892041203,3,Goal reached.
1780307260221809861,4287,1780307260221526990,,1780306886892041203,/move_base-3-1780306886.892041203,3,Goal reached.
1780307260421960594,4288,1780307260421545586,,1780306886892041203,/move_base-3-1780306886.892041203,3,Goal reached.
1780307260621826322,4289,1780307260621533556,,1780306886892041203,/move_base-3-1780306886.892041203,3,Goal reached.
1780307260821775281,4290,1780307260821537568,,1780306886892041203,/move_base-3-1780306886.892041203,3,Goal reached.
1780307261022241646,4291,1780307261021702677,,1780306886892041203,/move_base-3-1780306886.892041203,3,Goal reached.
1780307261221932422,4292,1780307261221555071,,1780306886892041203,/move_base-3-1780306886.892041203,3,Goal reached.
1780307261422065135,4293,1780307261421565124,,1780306886892041203,/move_base-3-1780306886.892041203,3,Goal reached.
1780307261622320610,4294,1780307261621543667,,1780306886892041203,/move_base-3-1780306886.892041203,3,Goal reached.
1780307261821830497,4295,1780307261821529085,,1780306886892041203,/move_base-3-1780306886.892041203,3,Goal reached.
1780307262021824353,4296,1780307262021536743,,1780306886892041203,/move_base-3-1780306886.892041203,3,Goal reached.
1780307262221904043,4297,1780307262221578307,,1780306886892041203,/move_base-3-1780306886.892041203,3,Goal reached.
1780307262422202071,4298,1780307262421597788,,1780306886892041203,/move_base-3-1780306886.892041203,3,Goal reached.
1780307262621877014,4299,1780307262621532788,,1780306886892041203,/move_base-3-1780306886.892041203,3,Goal reached.
1780307262821849306,4300,1780307262821528571,,1780306886892041203,/move_base-3-1780306886.892041203,3,Goal reached.
1780307263025759075,4301,1780307263021545291,,1780306886892041203,/move_base-3-1780306886.892041203,3,Goal reached.
1780307263222206244,4302,1780307263221575710,,1780306886892041203,/move_base-3-1780306886.892041203,3,Goal reached.
1780307263421823998,4303,1780307263421529981,,1780306886892041203,/move_base-3-1780306886.892041203,3,Goal reached.
1780307263621801394,4304,1780307263621536545,,1780306886892041203,/move_base-3-1780306886.892041203,3,Goal reached.
1780307263822373595,4305,1780307263821560453,,1780306886892041203,/move_base-3-1780306886.892041203,3,Goal reached.
1780307264022158123,4306,1780307264021574101,,1780306886892041203,/move_base-3-1780306886.892041203,3,Goal reached.
1780307264222078123,4307,1780307264221544987,,1780306886892041203,/move_base-3-1780306886.892041203,3,Goal reached.
1780307264421808171,4308,1780307264421540665,,1780306886892041203,/move_base-3-1780306886.892041203,3,Goal reached.
1780307264621763952,4309,1780307264621525614,,1780306886892041203,/move_base-3-1780306886.892041203,3,Goal reached.
1780307264825435539,4310,1780307264821626868,,1780306886892041203,/move_base-3-1780306886.892041203,3,Goal reached.
1780307265021938125,4311,1780307265021554993,,1780306886892041203,/move_base-3-1780306886.892041203,3,Goal reached.
1780307265221944585,4312,1780307265221558588,,1780306886892041203,/move_base-3-1780306886.892041203,3,Goal reached.
1780307265422737728,4313,1780307265422474077,,1780306886892041203,/move_base-3-1780306886.892041203,3,Goal reached.
1780307265621963911,4314,1780307265621561195,,1780306886892041203,/move_base-3-1780306886.892041203,3,Goal reached.
1780307265821826097,4315,1780307265821532914,,1780306886892041203,/move_base-3-1780306886.892041203,3,Goal reached.
1780307266021768129,4316,1780307266021523593,,1780306886892041203,/move_base-3-1780306886.892041203,3,Goal reached.
1780307266224489071,4317,1780307266221580053,,1780306886892041203,/move_base-3-1780306886.892041203,3,Goal reached.
1780307266421918499,4318,1780307266421561617,,1780306886892041203,/move_base-3-1780306886.892041203,3,Goal reached.
1780307266621935793,4319,1780307266621559587,,1780306886892041203,/move_base-3-1780306886.892041203,3,Goal reached.
1780307266821819021,4320,1780307266821528442,,1780306886892041203,/move_base-3-1780306886.892041203,3,Goal reached.
1780307267023496556,4321,1780307267021554017,,1780306886892041203,/move_base-3-1780306886.892041203,3,Goal reached.
1780307267221981162,4322,1780307267221535007,,1780306886892041203,/move_base-3-1780306886.892041203,3,Goal reached.
1780307267422029915,4323,1780307267421563655,,1780306886892041203,/move_base-3-1780306886.892041203,3,Goal reached.
1780307267621847568,4324,1780307267621542198,,1780306886892041203,/move_base-3-1780306886.892041203,3,Goal reached.
1780307267821771943,4325,1780307267821522824,,1780306886892041203,/move_base-3-1780306886.892041203,3,Goal reached.
1780307268022349456,4326,1780307268021547825,,1780306886892041203,/move_base-3-1780306886.892041203,3,Goal reached.
1780307268221839656,4327,1780307268221537775,,1780306886892041203,/move_base-3-1780306886.892041203,3,Goal reached.
1780307268421886273,4328,1780307268421542151,,1780306886892041203,/move_base-3-1780306886.892041203,3,Goal reached.
1780307268621793616,4329,1780307268621529288,,1780306886892041203,/move_base-3-1780306886.892041203,3,Goal reached.
1780307268822009715,4330,1780307268821550383,,1780306886892041203,/move_base-3-1780306886.892041203,3,Goal reached.
1780307269021800962,4331,1780307269021536217,,1780306886892041203,/move_base-3-1780306886.892041203,3,Goal reached.
1780307269224762170,4332,1780307269224086427,,1780306886892041203,/move_base-3-1780306886.892041203,3,Goal reached.
1780307269422080815,4333,1780307269421540543,,1780306886892041203,/move_base-3-1780306886.892041203,3,Goal reached.
1780307269622638275,4334,1780307269621582004,,1780306886892041203,/move_base-3-1780306886.892041203,3,Goal reached.
1780307269821851229,4335,1780307269821597474,,1780306886892041203,/move_base-3-1780306886.892041203,3,Goal reached.
1780307270021775708,4336,1780307270021523412,,1780306886892041203,/move_base-3-1780306886.892041203,3,Goal reached.
1780307270221973682,4337,1780307270221541278,,1780306886892041203,/move_base-3-1780306886.892041203,3,Goal reached.
1780307270423084800,4338,1780307270422513226,,1780306886892041203,/move_base-3-1780306886.892041203,3,Goal reached.
1780307270622060927,4339,1780307270621550656,,1780306886892041203,/move_base-3-1780306886.892041203,3,Goal reached.
1780307270821882383,4340,1780307270821535709,,1780306886892041203,/move_base-3-1780306886.892041203,3,Goal reached.
1780307271022146712,4341,1780307271021584045,,1780306886892041203,/move_base-3-1780306886.892041203,3,Goal reached.
1780307271223207725,4342,1780307271221570035,,1780306886892041203,/move_base-3-1780306886.892041203,3,Goal reached.
1780307271422178070,4343,1780307271421608735,,1780306886892041203,/move_base-3-1780306886.892041203,3,Goal reached.
1780307271621933795,4344,1780307271621572955,,1780306886892041203,/move_base-3-1780306886.892041203,3,Goal reached.
1780307271821760981,4345,1780307271821519101,,1780306886892041203,/move_base-3-1780306886.892041203,3,Goal reached.
1780307272023232939,4346,1780307272021564103,,1780306886892041203,/move_base-3-1780306886.892041203,3,Goal reached.
1780307272221931924,4347,1780307272221571188,,1780306886892041203,/move_base-3-1780306886.892041203,3,Goal reached.
1780307272421814111,4348,1780307272421534678,,1780306886892041203,/move_base-3-1780306886.892041203,3,Goal reached.
1780307272621870103,4349,1780307272621543273,,1780306886892041203,/move_base-3-1780306886.892041203,3,Goal reached.
1780307272821862552,4350,1780307272821538900,,1780306886892041203,/move_base-3-1780306886.892041203,3,Goal reached.
1780307273021986983,4351,1780307273021615569,,1780306886892041203,/move_base-3-1780306886.892041203,3,Goal reached.
1780307273221801408,4352,1780307273221538069,,1780306886892041203,/move_base-3-1780306886.892041203,3,Goal reached.
1780307273421825733,4353,1780307273421543123,,1780306886892041203,/move_base-3-1780306886.892041203,3,Goal reached.
1780307273622033811,4354,1780307273621564687,,1780306886892041203,/move_base-3-1780306886.892041203,3,Goal reached.
1780307273821906466,4355,1780307273821538542,,1780306886892041203,/move_base-3-1780306886.892041203,3,Goal reached.
1780307274021863394,4356,1780307274021542450,,1780306886892041203,/move_base-3-1780306886.892041203,3,Goal reached.
1780307274221899229,4357,1780307274221540211,,1780306886892041203,/move_base-3-1780306886.892041203,3,Goal reached.
1780307274421845584,4358,1780307274421527035,,1780306886892041203,/move_base-3-1780306886.892041203,3,Goal reached.
1780307274621851575,4359,1780307274621526516,,1780306886892041203,/move_base-3-1780306886.892041203,3,Goal reached.
1780307274822163978,4360,1780307274821592352,,1780306886892041203,/move_base-3-1780306886.892041203,3,Goal reached.
1780307275021804701,4361,1780307275021546623,,1780306886892041203,/move_base-3-1780306886.892041203,3,Goal reached.
1780307275221910799,4362,1780307275221553239,,1780306886892041203,/move_base-3-1780306886.892041203,3,Goal reached.
1780307275421795694,4363,1780307275421533970,,1780306886892041203,/move_base-3-1780306886.892041203,3,Goal reached.
1780307275621831581,4364,1780307275621539179,,1780306886892041203,/move_base-3-1780306886.892041203,3,Goal reached.
1780307275821957627,4365,1780307275821553764,,1780306886892041203,/move_base-3-1780306886.892041203,3,Goal reached.
1780307276021792729,4366,1780307276021518973,,1780306886892041203,/move_base-3-1780306886.892041203,3,Goal reached.
1780307276221818460,4367,1780307276221544184,,1780306886892041203,/move_base-3-1780306886.892041203,3,Goal reached.
1780307276423362086,4368,1780307276422942130,,1780306886892041203,/move_base-3-1780306886.892041203,3,Goal reached.
1780307276622287795,4369,1780307276621842890,,1780306886892041203,/move_base-3-1780306886.892041203,3,Goal reached.
1780307276822892288,4370,1780307276821551167,,1780306886892041203,/move_base-3-1780306886.892041203,3,Goal reached.
1780307277021888311,4371,1780307277021635910,,1780306886892041203,/move_base-3-1780306886.892041203,3,Goal reached.
1780307277221892114,4372,1780307277221546170,,1780306886892041203,/move_base-3-1780306886.892041203,3,Goal reached.
1780307277421770394,4373,1780307277421519556,,1780306886892041203,/move_base-3-1780306886.892041203,3,Goal reached.
1780307277621990348,4374,1780307277621540078,,1780306886892041203,/move_base-3-1780306886.892041203,3,Goal reached.
1780307277821805866,4375,1780307277821521590,,1780306886892041203,/move_base-3-1780306886.892041203,3,Goal reached.
1780307278021878838,4376,1780307278021550915,,1780306886892041203,/move_base-3-1780306886.892041203,3,Goal reached.
1780307278221831182,4377,1780307278221542010,,1780306886892041203,/move_base-3-1780306886.892041203,3,Goal reached.
1780307278422012437,4378,1780307278421625086,,1780306886892041203,/move_base-3-1780306886.892041203,3,Goal reached.
1780307278621894780,4379,1780307278621556856,,1780306886892041203,/move_base-3-1780306886.892041203,3,Goal reached.
1780307278821865197,4380,1780307278821601077,,1780306886892041203,/move_base-3-1780306886.892041203,3,Goal reached.
1780307279022039421,4381,1780307279021557172,,1780306886892041203,/move_base-3-1780306886.892041203,3,Goal reached.
1780307279225178445,4382,1780307279221684884,,1780306886892041203,/move_base-3-1780306886.892041203,3,Goal reached.
1780307279422897306,4383,1780307279422519538,,1780306886892041203,/move_base-3-1780306886.892041203,3,Goal reached.
1780307279621836661,4384,1780307279621541394,,1780306886892041203,/move_base-3-1780306886.892041203,3,Goal reached.
1780307279821822443,4385,1780307279821542594,,1780306886892041203,/move_base-3-1780306886.892041203,3,Goal reached.
1780307280021948645,4386,1780307280021553637,,1780306886892041203,/move_base-3-1780306886.892041203,3,Goal reached.
1780307280221879374,4387,1780307280221576607,,1780306886892041203,/move_base-3-1780306886.892041203,3,Goal reached.
1780307280421915834,4388,1780307280421558692,,1780306886892041203,/move_base-3-1780306886.892041203,3,Goal reached.
1780307280621855782,4389,1780307280621530567,,1780306886892041203,/move_base-3-1780306886.892041203,3,Goal reached.
1780307280821755417,4390,1780307280821518277,,1780306886892041203,/move_base-3-1780306886.892041203,3,Goal reached.
1780307281021860369,4391,1780307281021538695,,1780306886892041203,/move_base-3-1780306886.892041203,3,Goal reached.
1780307281222072562,4392,1780307281221566822,,1780306886892041203,/move_base-3-1780306886.892041203,3,Goal reached.
1780307281424317244,4393,1780307281423942966,,1780306886892041203,/move_base-3-1780306886.892041203,3,Goal reached.
1780307281621912874,4394,1780307281621549793,,1780306886892041203,/move_base-3-1780306886.892041203,3,Goal reached.
1780307281821777404,4395,1780307281821528596,,1780306886892041203,/move_base-3-1780306886.892041203,3,Goal reached.
1780307282021775322,4396,1780307282021529119,,1780306886892041203,/move_base-3-1780306886.892041203,3,Goal reached.
1780307282222021630,4397,1780307282221576256,,1780306886892041203,/move_base-3-1780306886.892041203,3,Goal reached.
1780307282422428306,4398,1780307282421657562,,1780306886892041203,/move_base-3-1780306886.892041203,3,Goal reached.
1780307282622061998,4399,1780307282621726262,,1780306886892041203,/move_base-3-1780306886.892041203,3,Goal reached.
1780307282821847829,4400,1780307282821530426,,1780306886892041203,/move_base-3-1780306886.892041203,3,Goal reached.
1780307283021957155,4401,1780307283021556939,,1780306886892041203,/move_base-3-1780306886.892041203,3,Goal reached.
1780307283221920749,4402,1780307283221584024,,1780306886892041203,/move_base-3-1780306886.892041203,3,Goal reached.
1780307283421881427,4403,1780307283421552254,,1780306886892041203,/move_base-3-1780306886.892041203,3,Goal reached.
1780307283622107266,4404,1780307283621601267,,1780306886892041203,/move_base-3-1780306886.892041203,3,Goal reached.
1780307283822692644,4405,1780307283822302636,,1780306886892041203,/move_base-3-1780306886.892041203,3,Goal reached.
1780307284021973048,4406,1780307284021590488,,1780306886892041203,/move_base-3-1780306886.892041203,3,Goal reached.
1780307284222130708,4407,1780307284221751534,,1780306886892041203,/move_base-3-1780306886.892041203,3,Goal reached.
1780307284424782587,4408,1780307284421585178,,1780306886892041203,/move_base-3-1780306886.892041203,3,Goal reached.
1780307284621788725,4409,1780307284621527626,,1780306886892041203,/move_base-3-1780306886.892041203,3,Goal reached.
1780307284821871489,4410,1780307284821576326,,1780306886892041203,/move_base-3-1780306886.892041203,3,Goal reached.
1780307285021848833,4411,1780307285021542369,,1780306886892041203,/move_base-3-1780306886.892041203,3,Goal reached.
1780307285221759510,4412,1780307285221526484,,1780306886892041203,/move_base-3-1780306886.892041203,3,Goal reached.
1780307285422838804,4413,1780307285421540340,,1780306886892041203,/move_base-3-1780306886.892041203,3,Goal reached.
1780307285622000663,4414,1780307285621613468,,1780306886892041203,/move_base-3-1780306886.892041203,3,Goal reached.
1780307285821882381,4415,1780307285821563677,,1780306886892041203,/move_base-3-1780306886.892041203,3,Goal reached.
1780307286021946238,4416,1780307286021564147,,1780306886892041203,/move_base-3-1780306886.892041203,3,Goal reached.
1780307286222028220,4417,1780307286221571075,,1780306886892041203,/move_base-3-1780306886.892041203,3,Goal reached.
1780307286421916761,4418,1780307286421547847,,1780306886892041203,/move_base-3-1780306886.892041203,3,Goal reached.
1780307286621895720,4419,1780307286621554046,,1780306886892041203,/move_base-3-1780306886.892041203,3,Goal reached.
1780307286821837491,4420,1780307286821544256,,1780306886892041203,/move_base-3-1780306886.892041203,3,Goal reached.
1780307287022085987,4421,1780307287021573529,,1780306886892041203,/move_base-3-1780306886.892041203,3,Goal reached.
1780307287221944944,4422,1780307287221558894,,1780306886892041203,/move_base-3-1780306886.892041203,3,Goal reached.
1780307287421878694,4423,1780307287421568479,,1780306886892041203,/move_base-3-1780306886.892041203,3,Goal reached.
1780307287622024896,4424,1780307287621550199,,1780306886892041203,/move_base-3-1780306886.892041203,3,Goal reached.
1780307287822355738,4425,1780307287821576399,,1780306886892041203,/move_base-3-1780306886.892041203,3,Goal reached.
1780307288021981461,4426,1780307288021599369,,1780306886892041203,/move_base-3-1780306886.892041203,3,Goal reached.
1780307288221816875,4427,1780307288221561505,,1780306886892041203,/move_base-3-1780306886.892041203,3,Goal reached.
1780307288421818127,4428,1780307288421541923,,1780306886892041203,/move_base-3-1780306886.892041203,3,Goal reached.
1780307288621837243,4429,1780307288621577498,,1780306886892041203,/move_base-3-1780306886.892041203,3,Goal reached.
1780307288822991018,4430,1780307288822546321,,1780306886892041203,/move_base-3-1780306886.892041203,3,Goal reached.
1780307289022422622,4431,1780307289021913133,,1780306886892041203,/move_base-3-1780306886.892041203,3,Goal reached.
1780307289221838705,4432,1780307289221540887,,1780306886892041203,/move_base-3-1780306886.892041203,3,Goal reached.
1780307289421911260,4433,1780307289421541565,,1780306886892041203,/move_base-3-1780306886.892041203,3,Goal reached.
1780307289622105745,4434,1780307289621627923,,1780306886892041203,/move_base-3-1780306886.892041203,3,Goal reached.
1780307289821754750,4435,1780307289821541516,,1780306886892041203,/move_base-3-1780306886.892041203,3,Goal reached.
1780307290021888504,4436,1780307290021568497,,1780306886892041203,/move_base-3-1780306886.892041203,3,Goal reached.
1780307290223535361,4437,1780307290222486486,,1780306886892041203,/move_base-3-1780306886.892041203,3,Goal reached.
1780307290421965852,4438,1780307290421582563,,1780306886892041203,/move_base-3-1780306886.892041203,3,Goal reached.
1780307290621826059,4439,1780307290621549230,,1780306886892041203,/move_base-3-1780306886.892041203,3,Goal reached.
1780307290821868665,4440,1780307290821595795,,1780306886892041203,/move_base-3-1780306886.892041203,3,Goal reached.
1780307291022142318,4441,1780307291021638245,,1780306886892041203,/move_base-3-1780306886.892041203,3,Goal reached.
1780307291221817365,4442,1780307291221531682,,1780306886892041203,/move_base-3-1780306886.892041203,3,Goal reached.
1780307291421919972,4443,1780307291421510901,,1780306886892041203,/move_base-3-1780306886.892041203,3,Goal reached.
1780307291621828722,4444,1780307291621542466,,1780306886892041203,/move_base-3-1780306886.892041203,3,Goal reached.
1780307291821903829,4445,1780307291821553249,,1780306886892041203,/move_base-3-1780306886.892041203,3,Goal reached.
1780307292021914299,4446,1780307292021533302,,1780306886892041203,/move_base-3-1780306886.892041203,3,Goal reached.
1780307292222122378,4447,1780307292221655024,,1780306886892041203,/move_base-3-1780306886.892041203,3,Goal reached.
1780307292421768205,4448,1780307292421522835,,1780306886892041203,/move_base-3-1780306886.892041203,3,Goal reached.
1780307292622121807,4449,1780307292621838625,,1780306886892041203,/move_base-3-1780306886.892041203,3,Goal reached.
1780307292821812740,4450,1780307292821538984,,1780306886892041203,/move_base-3-1780306886.892041203,3,Goal reached.
1780307293022094205,4451,1780307293021569507,,1780306886892041203,/move_base-3-1780306886.892041203,3,Goal reached.
1780307293221941287,4452,1780307293221636489,,1780306886892041203,/move_base-3-1780306886.892041203,3,Goal reached.
1780307293421831026,4453,1780307293421541541,,1780306886892041203,/move_base-3-1780306886.892041203,3,Goal reached.
1780307293621850871,4454,1780307293621543209,,1780306886892041203,/move_base-3-1780306886.892041203,3,Goal reached.
1780307293821765923,4455,1780307293821529512,,1780306886892041203,/move_base-3-1780306886.892041203,3,Goal reached.
1780307294021881187,4456,1780307294021545086,,1780306886892041203,/move_base-3-1780306886.892041203,3,Goal reached.
1780307294222213383,4457,1780307294221543057,,1780306886892041203,/move_base-3-1780306886.892041203,3,Goal reached.
1780307294422571152,4458,1780307294421588215,,1780306886892041203,/move_base-3-1780306886.892041203,3,Goal reached.
1780307294621914786,4459,1780307294621544674,,1780306886892041203,/move_base-3-1780306886.892041203,3,Goal reached.
1780307294821869838,4460,1780307294821540248,,1780306886892041203,/move_base-3-1780306886.892041203,3,Goal reached.
1780307295022541259,4461,1780307295021557125,,1780306886892041203,/move_base-3-1780306886.892041203,3,Goal reached.
1780307295222149899,4462,1780307295221559418,,1780306886892041203,/move_base-3-1780306886.892041203,3,Goal reached.
1780307295421875519,4463,1780307295421546763,,1780306886892041203,/move_base-3-1780306886.892041203,3,Goal reached.
1780307295621830103,4464,1780307295621534160,,1780306886892041203,/move_base-3-1780306886.892041203,3,Goal reached.
1780307295821814948,4465,1780307295821533744,,1780306886892041203,/move_base-3-1780306886.892041203,3,Goal reached.
1780307296022390899,4466,1780307296021606872,,1780306886892041203,/move_base-3-1780306886.892041203,3,Goal reached.
1780307296222900129,4467,1780307296222195896,,1780306886892041203,/move_base-3-1780306886.892041203,3,Goal reached.
1780307296422472882,4468,1780307296421540051,,1780306886892041203,/move_base-3-1780306886.892041203,3,Goal reached.
1780307296621874746,4469,1780307296621540208,,1780306886892041203,/move_base-3-1780306886.892041203,3,Goal reached.
1780307296821833705,4470,1780307296821546095,,1780306886892041203,/move_base-3-1780306886.892041203,3,Goal reached.
1780307297022212881,4471,1780307297021546409,,1780306886892041203,/move_base-3-1780306886.892041203,3,Goal reached.
1780307297221924960,4472,1780307297221554119,,1780306886892041203,/move_base-3-1780306886.892041203,3,Goal reached.
1780307297421922409,4473,1780307297421548547,,1780306886892041203,/move_base-3-1780306886.892041203,3,Goal reached.
1780307297624443660,4474,1780307297621552195,,1780306886892041203,/move_base-3-1780306886.892041203,3,Goal reached.
1780307297821862254,4475,1780307297821555946,,1780306886892041203,/move_base-3-1780306886.892041203,3,Goal reached.
1780307298021851839,4476,1780307298021537614,,1780306886892041203,/move_base-3-1780306886.892041203,3,Goal reached.
1780307298221788506,4477,1780307298221536105,,1780306886892041203,/move_base-3-1780306886.892041203,3,Goal reached.
1780307298423957978,4478,1780307298423113221,,1780306886892041203,/move_base-3-1780306886.892041203,3,Goal reached.
1780307298621916636,4479,1780307298621557931,,1780306886892041203,/move_base-3-1780306886.892041203,3,Goal reached.
1780307298821932992,4480,1780307298821551161,,1780306886892041203,/move_base-3-1780306886.892041203,3,Goal reached.
1780307299022064454,4481,1780307299021621320,,1780306886892041203,/move_base-3-1780306886.892041203,3,Goal reached.
1780307299222900306,4482,1780307299222301908,,1780306886892041203,/move_base-3-1780306886.892041203,3,Goal reached.
1780307299421859036,4483,1780307299421601635,,1780306886892041203,/move_base-3-1780306886.892041203,3,Goal reached.
1780307299622176596,4484,1780307299621583042,,1780306886892041203,/move_base-3-1780306886.892041203,3,Goal reached.
1780307299821924040,4485,1780307299821566116,,1780306886892041203,/move_base-3-1780306886.892041203,3,Goal reached.
1780307300022201130,4486,1780307300021683047,,1780306886892041203,/move_base-3-1780306886.892041203,3,Goal reached.
1780307300222002794,4487,1780307300221680600,,1780306886892041203,/move_base-3-1780306886.892041203,3,Goal reached.
1780307300422038474,4488,1780307300421657268,,1780306886892041203,/move_base-3-1780306886.892041203,3,Goal reached.
1780307300621804876,4489,1780307300621539923,,1780306886892041203,/move_base-3-1780306886.892041203,3,Goal reached.
1780307300822035612,4490,1780307300821593259,,1780306886892041203,/move_base-3-1780306886.892041203,3,Goal reached.
1780307301021958997,4491,1780307301021551541,,1780306886892041203,/move_base-3-1780306886.892041203,3,Goal reached.
1780307301221800193,4492,1780307301221535917,,1780306886892041203,/move_base-3-1780306886.892041203,3,Goal reached.
1780307301421907749,4493,1780307301421586805,,1780306886892041203,/move_base-3-1780306886.892041203,3,Goal reached.
1780307301621914625,4494,1780307301621543211,,1780306886892041203,/move_base-3-1780306886.892041203,3,Goal reached.
1780307301821837229,4495,1780307301821543265,,1780306886892041203,/move_base-3-1780306886.892041203,3,Goal reached.
1780307302021856137,4496,1780307302021548266,,1780306886892041203,/move_base-3-1780306886.892041203,3,Goal reached.
1780307302221854576,4497,1780307302221549049,,1780306886892041203,/move_base-3-1780306886.892041203,3,Goal reached.
1780307302421894318,4498,1780307302421548634,,1780306886892041203,/move_base-3-1780306886.892041203,3,Goal reached.
1780307302622096511,4499,1780307302621575667,,1780306886892041203,/move_base-3-1780306886.892041203,3,Goal reached.
1780307302821764995,4500,1780307302821520719,,1780306886892041203,/move_base-3-1780306886.892041203,3,Goal reached.
1780307303021759788,4501,1780307303021540825,,1780306886892041203,/move_base-3-1780306886.892041203,3,Goal reached.
1780307303221864948,4502,1780307303221543691,,1780306886892041203,/move_base-3-1780306886.892041203,3,Goal reached.
1780307303421957867,4503,1780307303421551140,,1780306886892041203,/move_base-3-1780306886.892041203,3,Goal reached.
1780307303621935785,4504,1780307303621586299,,1780306886892041203,/move_base-3-1780306886.892041203,3,Goal reached.
1780307303821954485,4505,1780307303821545726,,1780306886892041203,/move_base-3-1780306886.892041203,3,Goal reached.
1780307304022017352,4506,1780307304021550676,,1780306886892041203,/move_base-3-1780306886.892041203,3,Goal reached.
1780307304221983394,4507,1780307304221524270,,1780306886892041203,/move_base-3-1780306886.892041203,3,Goal reached.
1780307304421886571,4508,1780307304421549272,,1780306886892041203,/move_base-3-1780306886.892041203,3,Goal reached.
1780307304622011418,4509,1780307304621558649,,1780306886892041203,/move_base-3-1780306886.892041203,3,Goal reached.
1780307304821802093,4510,1780307304821541358,,1780306886892041203,/move_base-3-1780306886.892041203,3,Goal reached.
1780307305021848397,4511,1780307305021562558,,1780306886892041203,/move_base-3-1780306886.892041203,3,Goal reached.
1780307305222222468,4512,1780307305221604123,,1780306886892041203,/move_base-3-1780306886.892041203,3,Goal reached.
1780307305421888453,4513,1780307305421538602,,1780306886892041203,/move_base-3-1780306886.892041203,3,Goal reached.
1780307305621836422,4514,1780307305621546364,,1780306886892041203,/move_base-3-1780306886.892041203,3,Goal reached.
1780307305821891893,4515,1780307305821547823,,1780306886892041203,/move_base-3-1780306886.892041203,3,Goal reached.
1780307306022174400,4516,1780307306021566836,,1780306886892041203,/move_base-3-1780306886.892041203,3,Goal reached.
1780307306225849736,4517,1780307306221607307,,1780306886892041203,/move_base-3-1780306886.892041203,3,Goal reached.
1780307306421836740,4518,1780307306421535223,,1780306886892041203,/move_base-3-1780306886.892041203,3,Goal reached.
1780307306621904555,4519,1780307306621544964,,1780306886892041203,/move_base-3-1780306886.892041203,3,Goal reached.
1780307306821903775,4520,1780307306821554653,,1780306886892041203,/move_base-3-1780306886.892041203,3,Goal reached.
1780307307021901068,4521,1780307307021595697,,1780306886892041203,/move_base-3-1780306886.892041203,3,Goal reached.
1780307307221935289,4522,1780307307221537260,,1780306886892041203,/move_base-3-1780306886.892041203,3,Goal reached.
1780307307421835757,4523,1780307307421540386,,1780306886892041203,/move_base-3-1780306886.892041203,3,Goal reached.
1780307307621793362,4524,1780307307621503824,,1780306886892041203,/move_base-3-1780306886.892041203,3,Goal reached.
1780307307822099984,4525,1780307307821671485,,1780306886892041203,/move_base-3-1780306886.892041203,3,Goal reached.
1780307308021983212,4526,1780307308021616746,,1780306886892041203,/move_base-3-1780306886.892041203,3,Goal reached.
1780307308221898003,4527,1780307308221544871,,1780306886892041203,/move_base-3-1780306886.892041203,3,Goal reached.
1780307308421852899,4528,1780307308421548987,,1780306886892041203,/move_base-3-1780306886.892041203,3,Goal reached.
1780307308621864620,4529,1780307308621541072,,1780306886892041203,/move_base-3-1780306886.892041203,3,Goal reached.
1780307308821855559,4530,1780307308821539979,,1780306886892041203,/move_base-3-1780306886.892041203,3,Goal reached.
1780307309022019313,4531,1780307309021545658,,1780306886892041203,/move_base-3-1780306886.892041203,3,Goal reached.
1780307309221876499,4532,1780307309221538680,,1780306886892041203,/move_base-3-1780306886.892041203,3,Goal reached.
1780307309421896241,4533,1780307309421549567,,1780306886892041203,/move_base-3-1780306886.892041203,3,Goal reached.
1780307309622558964,4534,1780307309622011244,,1780306886892041203,/move_base-3-1780306886.892041203,3,Goal reached.
1780307309822237604,4535,1780307309821639415,,1780306886892041203,/move_base-3-1780306886.892041203,3,Goal reached.
1780307310021862442,4536,1780307310021533841,,1780306886892041203,/move_base-3-1780306886.892041203,3,Goal reached.
1780307310221866454,4537,1780307310221544468,,1780306886892041203,/move_base-3-1780306886.892041203,3,Goal reached.
1780307310422020625,4538,1780307310421534782,,1780306886892041203,/move_base-3-1780306886.892041203,3,Goal reached.
1780307310621943229,4539,1780307310621561711,,1780306886892041203,/move_base-3-1780306886.892041203,3,Goal reached.
1780307310822056358,4540,1780307310821554524,,1780306886892041203,/move_base-3-1780306886.892041203,3,Goal reached.
1780307311022083234,4541,1780307311021539890,,1780306886892041203,/move_base-3-1780306886.892041203,3,Goal reached.
1780307311221848804,4542,1780307311221539214,,1780306886892041203,/move_base-3-1780306886.892041203,3,Goal reached.
1780307311422218032,4543,1780307311421559945,,1780306886892041203,/move_base-3-1780306886.892041203,3,Goal reached.
1780307311621952194,4544,1780307311621577082,,1780306886892041203,/move_base-3-1780306886.892041203,3,Goal reached.
1780307311821835995,4545,1780307311821571927,,1780306886892041203,/move_base-3-1780306886.892041203,3,Goal reached.
1780307312021859799,4546,1780307312021556303,,1780306886892041203,/move_base-3-1780306886.892041203,3,Goal reached.
1780307312221999543,4547,1780307312221557659,,1780306886892041203,/move_base-3-1780306886.892041203,3,Goal reached.
1780307312421988450,4548,1780307312421583182,,1780306886892041203,/move_base-3-1780306886.892041203,3,Goal reached.
1780307312621863345,4549,1780307312621546932,,1780306886892041203,/move_base-3-1780306886.892041203,3,Goal reached.
1780307312823257021,4550,1780307312822685186,,1780306886892041203,/move_base-3-1780306886.892041203,3,Goal reached.
1780307313021906682,4551,1780307313021547456,,1780306886892041203,/move_base-3-1780306886.892041203,3,Goal reached.
1780307313221863089,4552,1780307313221546572,,1780306886892041203,/move_base-3-1780306886.892041203,3,Goal reached.
1780307313421747411,4553,1780307313421522198,,1780306886892041203,/move_base-3-1780306886.892041203,3,Goal reached.
1780307313622107471,4554,1780307313621539074,,1780306886892041203,/move_base-3-1780306886.892041203,3,Goal reached.
1780307313821976741,4555,1780307313821604754,,1780306886892041203,/move_base-3-1780306886.892041203,3,Goal reached.
1780307314021856740,4556,1780307314021545952,,1780306886892041203,/move_base-3-1780306886.892041203,3,Goal reached.
1780307314221854866,4557,1780307314221555850,,1780306886892041203,/move_base-3-1780306886.892041203,3,Goal reached.
1780307314424790552,4558,1780307314422712541,,1780306886892041203,/move_base-3-1780306886.892041203,3,Goal reached.
1780307314621874765,4559,1780307314621546477,,1780306886892041203,/move_base-3-1780306886.892041203,3,Goal reached.
1780307314822138366,4560,1780307314821601792,,1780306886892041203,/move_base-3-1780306886.892041203,3,Goal reached.
1780307315022063053,4561,1780307315021552470,,1780306886892041203,/move_base-3-1780306886.892041203,3,Goal reached.
1780307315221879769,4562,1780307315221547940,,1780306886892041203,/move_base-3-1780306886.892041203,3,Goal reached.
1780307315421960606,4563,1780307315421545076,,1780306886892041203,/move_base-3-1780306886.892041203,3,Goal reached.
1780307315622193164,4564,1780307315621555963,,1780306886892041203,/move_base-3-1780306886.892041203,3,Goal reached.
1780307315821850450,4565,1780307315821545600,,1780306886892041203,/move_base-3-1780306886.892041203,3,Goal reached.
1780307316021994204,4566,1780307316021567789,,1780306886892041203,/move_base-3-1780306886.892041203,3,Goal reached.
1780307316223184907,4567,1780307316221544561,,1780306886892041203,/move_base-3-1780306886.892041203,3,Goal reached.
1780307316421758994,4568,1780307316421521072,,1780306886892041203,/move_base-3-1780306886.892041203,3,Goal reached.
1780307316622966728,4569,1780307316622500208,,1780306886892041203,/move_base-3-1780306886.892041203,3,Goal reached.
1780307316821957490,4570,1780307316821566909,,1780306886892041203,/move_base-3-1780306886.892041203,3,Goal reached.
1780307317022124891,4571,1780307317021596026,,1780306886892041203,/move_base-3-1780306886.892041203,3,Goal reached.
1780307317221967649,4572,1780307317221553839,,1780306886892041203,/move_base-3-1780306886.892041203,3,Goal reached.
1780307317422827252,4573,1780307317421549830,,1780306886892041203,/move_base-3-1780306886.892041203,3,Goal reached.
1780307317621820462,4574,1780307317621536446,,1780306886892041203,/move_base-3-1780306886.892041203,3,Goal reached.
1780307317821894319,4575,1780307317821540770,,1780306886892041203,/move_base-3-1780306886.892041203,3,Goal reached.
1780307318022066563,4576,1780307318021568116,,1780306886892041203,/move_base-3-1780306886.892041203,3,Goal reached.
1780307318221876040,4577,1780307318221545981,,1780306886892041203,/move_base-3-1780306886.892041203,3,Goal reached.
1780307318422102035,4578,1780307318421638432,,1780306886892041203,/move_base-3-1780306886.892041203,3,Goal reached.
1780307318622100735,4579,1780307318621598902,,1780306886892041203,/move_base-3-1780306886.892041203,3,Goal reached.
1780307318822560641,4580,1780307318822020109,,1780306886892041203,/move_base-3-1780306886.892041203,3,Goal reached.
1780307319022053080,4581,1780307319021553903,,1780306886892041203,/move_base-3-1780306886.892041203,3,Goal reached.
1780307319221854953,4582,1780307319221549269,,1780306886892041203,/move_base-3-1780306886.892041203,3,Goal reached.
1780307319421924018,4583,1780307319421549531,,1780306886892041203,/move_base-3-1780306886.892041203,3,Goal reached.
1780307319622042303,4584,1780307319621590939,,1780306886892041203,/move_base-3-1780306886.892041203,3,Goal reached.
1780307319822312362,4585,1780307319821545107,,1780306886892041203,/move_base-3-1780306886.892041203,3,Goal reached.
1780307320022016003,4586,1780307320021584692,,1780306886892041203,/move_base-3-1780306886.892041203,3,Goal reached.
1780307320221818969,4587,1780307320221532817,,1780306886892041203,/move_base-3-1780306886.892041203,3,Goal reached.
1780307320421896889,4588,1780307320421542246,,1780306886892041203,/move_base-3-1780306886.892041203,3,Goal reached.
1780307320621975850,4589,1780307320621541258,,1780306886892041203,/move_base-3-1780306886.892041203,3,Goal reached.
1780307320821874495,4590,1780307320821563968,,1780306886892041203,/move_base-3-1780306886.892041203,3,Goal reached.
1780307321022073563,4591,1780307321021578709,,1780306886892041203,/move_base-3-1780306886.892041203,3,Goal reached.
1780307321221828195,4592,1780307321221536314,,1780306886892041203,/move_base-3-1780306886.892041203,3,Goal reached.
1780307321421851738,4593,1780307321421541576,,1780306886892041203,/move_base-3-1780306886.892041203,3,Goal reached.
1780307321622017108,4594,1780307321621583140,,1780306886892041203,/move_base-3-1780306886.892041203,3,Goal reached.
1780307321821952056,4595,1780307321821548714,,1780306886892041203,/move_base-3-1780306886.892041203,3,Goal reached.
1780307322021862055,4596,1780307322021543142,,1780306886892041203,/move_base-3-1780306886.892041203,3,Goal reached.
1780307322222040237,4597,1780307322221628823,,1780306886892041203,/move_base-3-1780306886.892041203,3,Goal reached.
1780307322421994508,4598,1780307322421545333,,1780306886892041203,/move_base-3-1780306886.892041203,3,Goal reached.
1780307322621867893,4599,1780307322621550595,,1780306886892041203,/move_base-3-1780306886.892041203,3,Goal reached.
1780307322821872738,4600,1780307322821539033,,1780306886892041203,/move_base-3-1780306886.892041203,3,Goal reached.
1780307323023173703,4601,1780307323022269726,,1780306886892041203,/move_base-3-1780306886.892041203,3,Goal reached.
1780307323223455846,4602,1780307323222785467,,1780306886892041203,/move_base-3-1780306886.892041203,3,Goal reached.
1780307323421850554,4603,1780307323421550444,,1780306886892041203,/move_base-3-1780306886.892041203,3,Goal reached.
1780307323622162905,4604,1780307323621573727,,1780306886892041203,/move_base-3-1780306886.892041203,3,Goal reached.
1780307323822143063,4605,1780307323821597270,,1780306886892041203,/move_base-3-1780306886.892041203,3,Goal reached.
1780307324021841548,4606,1780307324021546906,,1780306886892041203,/move_base-3-1780306886.892041203,3,Goal reached.
1780307324221844570,4607,1780307324221542116,,1780306886892041203,/move_base-3-1780306886.892041203,3,Goal reached.
1780307324421852853,4608,1780307324421549565,,1780306886892041203,/move_base-3-1780306886.892041203,3,Goal reached.
1780307324621969315,4609,1780307324621655298,,1780306886892041203,/move_base-3-1780306886.892041203,3,Goal reached.
1780307324821906815,4610,1780307324821592642,,1780306886892041203,/move_base-3-1780306886.892041203,3,Goal reached.
1780307325021852700,4611,1780307325021541132,,1780306886892041203,/move_base-3-1780306886.892041203,3,Goal reached.
1780307325221844837,4612,1780307325221544987,,1780306886892041203,/move_base-3-1780306886.892041203,3,Goal reached.
1780307325421840255,4613,1780307325421546551,,1780306886892041203,/move_base-3-1780306886.892041203,3,Goal reached.
1780307325621860048,4614,1780307325621545563,,1780306886892041203,/move_base-3-1780306886.892041203,3,Goal reached.
1780307325821812861,4615,1780307325821550096,,1780306886892041203,/move_base-3-1780306886.892041203,3,Goal reached.
1780307326022390843,4616,1780307326021697912,,1780306886892041203,/move_base-3-1780306886.892041203,3,Goal reached.
1780307326221943023,4617,1780307326221555932,,1780306886892041203,/move_base-3-1780306886.892041203,3,Goal reached.
1780307326421936930,4618,1780307326421538797,,1780306886892041203,/move_base-3-1780306886.892041203,3,Goal reached.
1780307326621944380,4619,1780307326621543174,,1780306886892041203,/move_base-3-1780306886.892041203,3,Goal reached.
1780307326821795680,4620,1780307326821530987,,1780306886892041203,/move_base-3-1780306886.892041203,3,Goal reached.
1780307327022473560,4621,1780307327021563542,,1780306886892041203,/move_base-3-1780306886.892041203,3,Goal reached.
1780307327221972614,4622,1780307327221564012,,1780306886892041203,/move_base-3-1780306886.892041203,3,Goal reached.
1780307327422036575,4623,1780307327421562971,,1780306886892041203,/move_base-3-1780306886.892041203,3,Goal reached.
1780307327621919751,4624,1780307327621556775,,1780306886892041203,/move_base-3-1780306886.892041203,3,Goal reached.
1780307327821896575,4625,1780307327821524744,,1780306886892041203,/move_base-3-1780306886.892041203,3,Goal reached.
1780307328021844023,4626,1780307328021538131,,1780306886892041203,/move_base-3-1780306886.892041203,3,Goal reached.
1780307328221840274,4627,1780307328221540633,,1780306886892041203,/move_base-3-1780306886.892041203,3,Goal reached.
1780307328421865589,4628,1780307328421544749,,1780306886892041203,/move_base-3-1780306886.892041203,3,Goal reached.
1780307328621941060,4629,1780307328621557094,,1780306886892041203,/move_base-3-1780306886.892041203,3,Goal reached.
1780307328821814496,4630,1780307328821527616,,1780306886892041203,/move_base-3-1780306886.892041203,3,Goal reached.
1780307329021924865,4631,1780307329021596525,,1780306886892041203,/move_base-3-1780306886.892041203,3,Goal reached.
1780307329222068098,4632,1780307329221620641,,1780306886892041203,/move_base-3-1780306886.892041203,3,Goal reached.
1780307329422567485,4633,1780307329421671008,,1780306886892041203,/move_base-3-1780306886.892041203,3,Goal reached.
1780307329623098955,4634,1780307329621562049,,1780306886892041203,/move_base-3-1780306886.892041203,3,Goal reached.
1780307329821934714,4635,1780307329821547987,,1780306886892041203,/move_base-3-1780306886.892041203,3,Goal reached.
1780307330021902059,4636,1780307330021536999,,1780306886892041203,/move_base-3-1780306886.892041203,3,Goal reached.
1780307330222096856,4637,1780307330221609189,,1780306886892041203,/move_base-3-1780306886.892041203,3,Goal reached.
1780307330422328632,4638,1780307330421569346,,1780306886892041203,/move_base-3-1780306886.892041203,3,Goal reached.
1780307330621846749,4639,1780307330621539920,,1780306886892041203,/move_base-3-1780306886.892041203,3,Goal reached.
1780307330822028785,4640,1780307330821604923,,1780306886892041203,/move_base-3-1780306886.892041203,3,Goal reached.
1780307331021851231,4641,1780307331021544610,,1780306886892041203,/move_base-3-1780306886.892041203,3,Goal reached.
1780307331222110613,4642,1780307331221629405,,1780306886892041203,/move_base-3-1780306886.892041203,3,Goal reached.
1780307331421898526,4643,1780307331421542634,,1780306886892041203,/move_base-3-1780306886.892041203,3,Goal reached.
1780307331622048218,4644,1780307331621647533,,1780306886892041203,/move_base-3-1780306886.892041203,3,Goal reached.
1780307331821994573,4645,1780307331821561126,,1780306886892041203,/move_base-3-1780306886.892041203,3,Goal reached.
1780307332021950667,4646,1780307332021584514,,1780306886892041203,/move_base-3-1780306886.892041203,3,Goal reached.
1780307332221832541,4647,1780307332221540556,,1780306886892041203,/move_base-3-1780306886.892041203,3,Goal reached.
1780307332421932648,4648,1780307332421545297,,1780306886892041203,/move_base-3-1780306886.892041203,3,Goal reached.
1780307332623638622,4649,1780307332622425108,,1780306886892041203,/move_base-3-1780306886.892041203,3,Goal reached.
1780307332821926141,4650,1780307332821540404,,1780306886892041203,/move_base-3-1780306886.892041203,3,Goal reached.
1780307333021962132,4651,1780307333021598323,,1780306886892041203,/move_base-3-1780306886.892041203,3,Goal reached.
1780307333223044499,4652,1780307333222595167,,1780306886892041203,/move_base-3-1780306886.892041203,3,Goal reached.
1780307333421886144,4653,1780307333421556033,,1780306886892041203,/move_base-3-1780306886.892041203,3,Goal reached.
1780307333622531731,4654,1780307333621660516,,1780306886892041203,/move_base-3-1780306886.892041203,3,Goal reached.
1780307333822007972,4655,1780307333821536244,,1780306886892041203,/move_base-3-1780306886.892041203,3,Goal reached.
1780307334021890992,4656,1780307334021564839,,1780306886892041203,/move_base-3-1780306886.892041203,3,Goal reached.
1780307334221863857,4657,1780307334221556351,,1780306886892041203,/move_base-3-1780306886.892041203,3,Goal reached.
1780307334421855473,4658,1780307334421548383,,1780306886892041203,/move_base-3-1780306886.892041203,3,Goal reached.
1780307334622019124,4659,1780307334621571875,,1780306886892041203,/move_base-3-1780306886.892041203,3,Goal reached.
1780307334821989020,4660,1780307334821547240,,1780306886892041203,/move_base-3-1780306886.892041203,3,Goal reached.
1780307335023852549,4661,1780307335021577607,,1780306886892041203,/move_base-3-1780306886.892041203,3,Goal reached.
1780307335221862093,4662,1780307335221549743,,1780306886892041203,/move_base-3-1780306886.892041203,3,Goal reached.
1780307335422089443,4663,1780307335421758551,,1780306886892041203,/move_base-3-1780306886.892041203,3,Goal reached.
1780307335621840377,4664,1780307335621543860,,1780306886892041203,/move_base-3-1780306886.892041203,3,Goal reached.
1780307335821980694,4665,1780307335821574592,,1780306886892041203,/move_base-3-1780306886.892041203,3,Goal reached.
1780307336021984966,4666,1780307336021549332,,1780306886892041203,/move_base-3-1780306886.892041203,3,Goal reached.
1780307336221835381,4667,1780307336221534385,,1780306886892041203,/move_base-3-1780306886.892041203,3,Goal reached.
1780307336421901373,4668,1780307336421551522,,1780306886892041203,/move_base-3-1780306886.892041203,3,Goal reached.
1780307336621832050,4669,1780307336621546888,,1780306886892041203,/move_base-3-1780306886.892041203,3,Goal reached.
1780307336821887834,4670,1780307336821541785,,1780306886892041203,/move_base-3-1780306886.892041203,3,Goal reached.
1780307337021892940,4671,1780307337021541370,,1780306886892041203,/move_base-3-1780306886.892041203,3,Goal reached.
1780307337225385772,4672,1780307337221573195,,1780306886892041203,/move_base-3-1780306886.892041203,3,Goal reached.
1780307337422147375,4673,1780307337421629968,,1780306886892041203,/move_base-3-1780306886.892041203,3,Goal reached.
1780307337622160605,4674,1780307337621788358,,1780306886892041203,/move_base-3-1780306886.892041203,3,Goal reached.
1780307337821909820,4675,1780307337821546063,,1780306886892041203,/move_base-3-1780306886.892041203,3,Goal reached.
1780307338021850810,4676,1780307338021535074,,1780306886892041203,/move_base-3-1780306886.892041203,3,Goal reached.
1780307338221827998,4677,1780307338221530336,,1780306886892041203,/move_base-3-1780306886.892041203,3,Goal reached.
1780307338423308395,4678,1780307338422802655,,1780306886892041203,/move_base-3-1780306886.892041203,3,Goal reached.
1780307338621846491,4679,1780307338621540860,,1780306886892041203,/move_base-3-1780306886.892041203,3,Goal reached.
1780307338821892014,4680,1780307338821544247,,1780306886892041203,/move_base-3-1780306886.892041203,3,Goal reached.
1780307339022042487,4681,1780307339021608937,,1780306886892041203,/move_base-3-1780306886.892041203,3,Goal reached.
1780307339222489946,4682,1780307339222083479,,1780306886892041203,/move_base-3-1780306886.892041203,3,Goal reached.
1780307339421856757,4683,1780307339421544355,,1780306886892041203,/move_base-3-1780306886.892041203,3,Goal reached.
1780307339623854508,4684,1780307339621536856,,1780306886892041203,/move_base-3-1780306886.892041203,3,Goal reached.
1780307339821921032,4685,1780307339821547900,,1780306886892041203,/move_base-3-1780306886.892041203,3,Goal reached.
1780307340021848011,4686,1780307340021539620,,1780306886892041203,/move_base-3-1780306886.892041203,3,Goal reached.
1780307340222059371,4687,1780307340221562746,,1780306886892041203,/move_base-3-1780306886.892041203,3,Goal reached.
1780307340421965881,4688,1780307340421539726,,1780306886892041203,/move_base-3-1780306886.892041203,3,Goal reached.
1780307340623291430,4689,1780307340621559416,,1780306886892041203,/move_base-3-1780306886.892041203,3,Goal reached.
1780307340821999686,4690,1780307340821553115,,1780306886892041203,/move_base-3-1780306886.892041203,3,Goal reached.
1780307341022056356,4691,1780307341021590877,,1780306886892041203,/move_base-3-1780306886.892041203,3,Goal reached.
1780307341221849217,4692,1780307341221543899,,1780306886892041203,/move_base-3-1780306886.892041203,3,Goal reached.
1780307341422141881,4693,1780307341421641714,,1780306886892041203,/move_base-3-1780306886.892041203,3,Goal reached.
1780307341623863792,4694,1780307341623434669,,1780306886892041203,/move_base-3-1780306886.892041203,3,Goal reached.
1780307341822085528,4695,1780307341821603331,,1780306886892041203,/move_base-3-1780306886.892041203,3,Goal reached.
1780307342021952662,4696,1780307342021561144,,1780306886892041203,/move_base-3-1780306886.892041203,3,Goal reached.
1780307342221954278,4697,1780307342221559427,,1780306886892041203,/move_base-3-1780306886.892041203,3,Goal reached.
1780307342421974593,4698,1780307342421570366,,1780306886892041203,/move_base-3-1780306886.892041203,3,Goal reached.
1780307342621856415,4699,1780307342621533387,,1780306886892041203,/move_base-3-1780306886.892041203,3,Goal reached.
1780307342822006367,4700,1780307342821587556,,1780306886892041203,/move_base-3-1780306886.892041203,3,Goal reached.
1780307343021995483,4701,1780307343021597037,,1780306886892041203,/move_base-3-1780306886.892041203,3,Goal reached.
1780307343221980327,4702,1780307343221551360,,1780306886892041203,/move_base-3-1780306886.892041203,3,Goal reached.
1780307343422068351,4703,1780307343421633134,,1780306886892041203,/move_base-3-1780306886.892041203,3,Goal reached.
1780307343622003091,4704,1780307343621587822,,1780306886892041203,/move_base-3-1780306886.892041203,3,Goal reached.
1780307343822123303,4705,1780307343821576625,,1780306886892041203,/move_base-3-1780306886.892041203,3,Goal reached.
1780307344022051272,4706,1780307344021582356,,1780306886892041203,/move_base-3-1780306886.892041203,3,Goal reached.
1780307344221863769,4707,1780307344221542305,,1780306886892041203,/move_base-3-1780306886.892041203,3,Goal reached.
1780307344421989034,4708,1780307344421531993,,1780306886892041203,/move_base-3-1780306886.892041203,3,Goal reached.
1780307344621853043,4709,1780307344621550537,,1780306886892041203,/move_base-3-1780306886.892041203,3,Goal reached.
1780307344822910149,4710,1780307344822300345,,1780306886892041203,/move_base-3-1780306886.892041203,3,Goal reached.
1780307345021798565,4711,1780307345021527935,,1780306886892041203,/move_base-3-1780306886.892041203,3,Goal reached.
1780307345221952788,4712,1780307345221611427,,1780306886892041203,/move_base-3-1780306886.892041203,3,Goal reached.
1780307345421867684,4713,1780307345421562157,,1780306886892041203,/move_base-3-1780306886.892041203,3,Goal reached.
1780307345624437425,4714,1780307345621604815,,1780306886892041203,/move_base-3-1780306886.892041203,3,Goal reached.
1780307345822025502,4715,1780307345821585754,,1780306886892041203,/move_base-3-1780306886.892041203,3,Goal reached.
1780307346022400251,4716,1780307346021575599,,1780306886892041203,/move_base-3-1780306886.892041203,3,Goal reached.
1780307346221909982,4717,1780307346221546850,,1780306886892041203,/move_base-3-1780306886.892041203,3,Goal reached.
1780307346422004412,4718,1780307346421560028,,1780306886892041203,/move_base-3-1780306886.892041203,3,Goal reached.
1780307346622298378,4719,1780307346621567165,,1780306886892041203,/move_base-3-1780306886.892041203,3,Goal reached.
1780307346821938945,4720,1780307346821603365,,1780306886892041203,/move_base-3-1780306886.892041203,3,Goal reached.
1780307347021957853,4721,1780307347021606804,,1780306886892041203,/move_base-3-1780306886.892041203,3,Goal reached.
1780307347221906812,4722,1780307347221547429,,1780306886892041203,/move_base-3-1780306886.892041203,3,Goal reached.
1780307347421840926,4723,1780307347421545920,,1780306886892041203,/move_base-3-1780306886.892041203,3,Goal reached.
1780307347621846605,4724,1780307347621548422,,1780306886892041203,/move_base-3-1780306886.892041203,3,Goal reached.
1780307347822300522,4725,1780307347821714208,,1780306886892041203,/move_base-3-1780306886.892041203,3,Goal reached.
1780307348022089217,4726,1780307348021555300,,1780306886892041203,/move_base-3-1780306886.892041203,3,Goal reached.
1780307348222014894,4727,1780307348221609677,,1780306886892041203,/move_base-3-1780306886.892041203,3,Goal reached.
1780307348421825933,4728,1780307348421535823,,1780306886892041203,/move_base-3-1780306886.892041203,3,Goal reached.
1780307348626415663,4729,1780307348625238399,,1780306886892041203,/move_base-3-1780306886.892041203,3,Goal reached.
1780307348821939427,4730,1780307348821551034,,1780306886892041203,/move_base-3-1780306886.892041203,3,Goal reached.
1780307349021987503,4731,1780307349021602130,,1780306886892041203,/move_base-3-1780306886.892041203,3,Goal reached.
1780307349221842918,4732,1780307349221539057,,1780306886892041203,/move_base-3-1780306886.892041203,3,Goal reached.
1780307349421831513,4733,1780307349421538850,,1780306886892041203,/move_base-3-1780306886.892041203,3,Goal reached.
1780307349621841150,4734,1780307349621543748,,1780306886892041203,/move_base-3-1780306886.892041203,3,Goal reached.
1780307349822045947,4735,1780307349821559531,,1780306886892041203,/move_base-3-1780306886.892041203,3,Goal reached.
1780307350021893914,4736,1780307350021555522,,1780306886892041203,/move_base-3-1780306886.892041203,3,Goal reached.
1780307350221930687,4737,1780307350221621097,,1780306886892041203,/move_base-3-1780306886.892041203,3,Goal reached.
1780307350421987668,4738,1780307350421575889,,1780306886892041203,/move_base-3-1780306886.892041203,3,Goal reached.
1780307350621885897,4739,1780307350621542713,,1780306886892041203,/move_base-3-1780306886.892041203,3,Goal reached.
1780307350821825376,4740,1780307350821543027,,1780306886892041203,/move_base-3-1780306886.892041203,3,Goal reached.
1780307351022025017,4741,1780307351021600894,,1780306886892041203,/move_base-3-1780306886.892041203,3,Goal reached.
1780307351221854286,4742,1780307351221547717,,1780306886892041203,/move_base-3-1780306886.892041203,3,Goal reached.
1780307351422342943,4743,1780307351421606209,,1780306886892041203,/move_base-3-1780306886.892041203,3,Goal reached.
1780307351621920227,4744,1780307351621636524,,1780306886892041203,/move_base-3-1780306886.892041203,3,Goal reached.
1780307351821886374,4745,1780307351821542252,,1780306886892041203,/move_base-3-1780306886.892041203,3,Goal reached.
1780307352021914240,4746,1780307352021553608,,1780306886892041203,/move_base-3-1780306886.892041203,3,Goal reached.
1780307352222901241,4747,1780307352222561130,,1780306886892041203,/move_base-3-1780306886.892041203,3,Goal reached.
1780307352422083569,4748,1780307352421554288,,1780306886892041203,/move_base-3-1780306886.892041203,3,Goal reached.
1780307352621864816,4749,1780307352621554550,,1780306886892041203,/move_base-3-1780306886.892041203,3,Goal reached.
1780307352821854453,4750,1780307352821549238,,1780306886892041203,/move_base-3-1780306886.892041203,3,Goal reached.
1780307353021986488,4751,1780307353021579449,,1780306886892041203,/move_base-3-1780306886.892041203,3,Goal reached.
1780307353223011042,4752,1780307353221576481,,1780306886892041203,/move_base-3-1780306886.892041203,3,Goal reached.
1780307353421886385,4753,1780307353421545440,,1780306886892041203,/move_base-3-1780306886.892041203,3,Goal reached.
1780307353621966127,4754,1780307353621568515,,1780306886892041203,/move_base-3-1780306886.892041203,3,Goal reached.
1780307353821883158,4755,1780307353821558464,,1780306886892041203,/move_base-3-1780306886.892041203,3,Goal reached.
1780307354021859930,4756,1780307354021548726,,1780306886892041203,/move_base-3-1780306886.892041203,3,Goal reached.
1780307354222115614,4757,1780307354221587999,,1780306886892041203,/move_base-3-1780306886.892041203,3,Goal reached.
1780307354422138272,4758,1780307354421547739,,1780306886892041203,/move_base-3-1780306886.892041203,3,Goal reached.
1780307354621881445,4759,1780307354621549563,,1780306886892041203,/move_base-3-1780306886.892041203,3,Goal reached.
1780307354821912124,4760,1780307354821539773,,1780306886892041203,/move_base-3-1780306886.892041203,3,Goal reached.
1780307355021880146,4761,1780307355021601077,,1780306886892041203,/move_base-3-1780306886.892041203,3,Goal reached.
1780307355222155621,4762,1780307355221853271,,1780306886892041203,/move_base-3-1780306886.892041203,3,Goal reached.
1780307355422241302,4763,1780307355421550767,,1780306886892041203,/move_base-3-1780306886.892041203,3,Goal reached.
1780307355621831972,4764,1780307355621538632,,1780306886892041203,/move_base-3-1780306886.892041203,3,Goal reached.
1780307355821864422,4765,1780307355821570561,,1780306886892041203,/move_base-3-1780306886.892041203,3,Goal reached.
1780307356022212711,4766,1780307356021601188,,1780306886892041203,/move_base-3-1780306886.892041203,3,Goal reached.
1780307356221832653,4767,1780307356221585408,,1780306886892041203,/move_base-3-1780306886.892041203,3,Goal reached.
1780307356425949925,4768,1780307356421553221,,1780306886892041203,/move_base-3-1780306886.892041203,3,Goal reached.
1780307356621950314,4769,1780307356621573796,,1780306886892041203,/move_base-3-1780306886.892041203,3,Goal reached.
1780307356822110319,4770,1780307356821656247,,1780306886892041203,/move_base-3-1780306886.892041203,3,Goal reached.
1780307357021817971,4771,1780307357021536194,,1780306886892041203,/move_base-3-1780306886.892041203,3,Goal reached.
1780307357221831931,4772,1780307357221538279,,1780306886892041203,/move_base-3-1780306886.892041203,3,Goal reached.
1780307357422794660,4773,1780307357421556718,,1780306886892041203,/move_base-3-1780306886.892041203,3,Goal reached.
1780307357621882872,4774,1780307357621530990,,1780306886892041203,/move_base-3-1780306886.892041203,3,Goal reached.
1780307357821867977,4775,1780307357821553075,,1780306886892041203,/move_base-3-1780306886.892041203,3,Goal reached.
1780307358021850530,4776,1780307358021523753,,1780306886892041203,/move_base-3-1780306886.892041203,3,Goal reached.
1780307358221852719,4777,1780307358221545265,,1780306886892041203,/move_base-3-1780306886.892041203,3,Goal reached.
1780307358421861731,4778,1780307358421551881,,1780306886892041203,/move_base-3-1780306886.892041203,3,Goal reached.
1780307358622037413,4779,1780307358621550632,,1780306886892041203,/move_base-3-1780306886.892041203,3,Goal reached.
1780307358823504580,4780,1780307358822034654,,1780306886892041203,/move_base-3-1780306886.892041203,3,Goal reached.
1780307359022428778,4781,1780307359021541989,,1780306886892041203,/move_base-3-1780306886.892041203,3,Goal reached.
1780307359221967520,4782,1780307359221579231,,1780306886892041203,/move_base-3-1780306886.892041203,3,Goal reached.
1780307359421949917,4783,1780307359421554492,,1780306886892041203,/move_base-3-1780306886.892041203,3,Goal reached.
1780307359621783977,4784,1780307359621498190,,1780306886892041203,/move_base-3-1780306886.892041203,3,Goal reached.
1780307359821939086,4785,1780307359821553609,,1780306886892041203,/move_base-3-1780306886.892041203,3,Goal reached.
1780307360021841689,4786,1780307360021548923,,1780306886892041203,/move_base-3-1780306886.892041203,3,Goal reached.
1780307360221906275,4787,1780307360221551893,,1780306886892041203,/move_base-3-1780306886.892041203,3,Goal reached.
1780307360421910652,4788,1780307360421560228,,1780306886892041203,/move_base-3-1780306886.892041203,3,Goal reached.
1780307360621951019,4789,1780307360621539083,,1780306886892041203,/move_base-3-1780306886.892041203,3,Goal reached.
1780307360821863518,4790,1780307360821547991,,1780306886892041203,/move_base-3-1780306886.892041203,3,Goal reached.
1780307361021784820,4791,1780307361021533461,,1780306886892041203,/move_base-3-1780306886.892041203,3,Goal reached.
1780307361221820239,4792,1780307361221536483,,1780306886892041203,/move_base-3-1780306886.892041203,3,Goal reached.
1780307361421867533,4793,1780307361421563412,,1780306886892041203,/move_base-3-1780306886.892041203,3,Goal reached.
1780307361622036183,4794,1780307361621563361,,1780306886892041203,/move_base-3-1780306886.892041203,3,Goal reached.
1780307361821950506,4795,1780307361821543831,,1780306886892041203,/move_base-3-1780306886.892041203,3,Goal reached.
1780307362021974831,4796,1780307362021566333,,1780306886892041203,/move_base-3-1780306886.892041203,3,Goal reached.
1780307362221889570,4797,1780307362221558782,,1780306886892041203,/move_base-3-1780306886.892041203,3,Goal reached.
1780307362421881342,4798,1780307362421547377,,1780306886892041203,/move_base-3-1780306886.892041203,3,Goal reached.
1780307362621925771,4799,1780307362621555295,,1780306886892041203,/move_base-3-1780306886.892041203,3,Goal reached.
1780307362821858636,4800,1780307362821553630,,1780306886892041203,/move_base-3-1780306886.892041203,3,Goal reached.
1780307363022251875,4801,1780307363021543683,,1780306886892041203,/move_base-3-1780306886.892041203,3,Goal reached.
1780307363221867910,4802,1780307363221561706,,1780306886892041203,/move_base-3-1780306886.892041203,3,Goal reached.
1780307363422033956,4803,1780307363421647594,,1780306886892041203,/move_base-3-1780306886.892041203,3,Goal reached.
1780307363621819734,4804,1780307363621534156,,1780306886892041203,/move_base-3-1780306886.892041203,3,Goal reached.
1780307363822104169,4805,1780307363821554574,,1780306886892041203,/move_base-3-1780306886.892041203,3,Goal reached.
1780307364021840675,4806,1780307364021546659,,1780306886892041203,/move_base-3-1780306886.892041203,3,Goal reached.
1780307364222329280,4807,1780307364221553691,,1780306886892041203,/move_base-3-1780306886.892041203,3,Goal reached.
1780307364421955732,4808,1780307364421649476,,1780306886892041203,/move_base-3-1780306886.892041203,3,Goal reached.
1780307364621850315,4809,1780307364621529162,,1780306886892041203,/move_base-3-1780306886.892041203,3,Goal reached.
1780307364822007559,4810,1780307364821616874,,1780306886892041203,/move_base-3-1780306886.892041203,3,Goal reached.
1780307365022098708,4811,1780307365021542499,,1780306886892041203,/move_base-3-1780306886.892041203,3,Goal reached.
1780307365221998291,4812,1780307365221608439,,1780306886892041203,/move_base-3-1780306886.892041203,3,Goal reached.
1780307365424983405,4813,1780307365422958468,,1780306886892041203,/move_base-3-1780306886.892041203,3,Goal reached.
1780307365621866312,4814,1780307365621551409,,1780306886892041203,/move_base-3-1780306886.892041203,3,Goal reached.
1780307365821932043,4815,1780307365821621673,,1780306886892041203,/move_base-3-1780306886.892041203,3,Goal reached.
1780307366023063734,4816,1780307366021559485,,1780306886892041203,/move_base-3-1780306886.892041203,3,Goal reached.
1780307366222466797,4817,1780307366221559018,,1780306886892041203,/move_base-3-1780306886.892041203,3,Goal reached.
1780307366421837775,4818,1780307366421529227,,1780306886892041203,/move_base-3-1780306886.892041203,3,Goal reached.
1780307366622013978,4819,1780307366621500894,,1780306886892041203,/move_base-3-1780306886.892041203,3,Goal reached.
1780307366821845955,4820,1780307366821541938,,1780306886892041203,/move_base-3-1780306886.892041203,3,Goal reached.
1780307367023031189,4821,1780307367021835800,,1780306886892041203,/move_base-3-1780306886.892041203,3,Goal reached.
1780307367227232890,4822,1780307367226861111,,1780306886892041203,/move_base-3-1780306886.892041203,3,Goal reached.
1780307367422102266,4823,1780307367421659913,,1780306886892041203,/move_base-3-1780306886.892041203,3,Goal reached.
1780307367621868096,4824,1780307367621546579,,1780306886892041203,/move_base-3-1780306886.892041203,3,Goal reached.
1780307367822098623,4825,1780307367821634030,,1780306886892041203,/move_base-3-1780306886.892041203,3,Goal reached.
1780307368023032550,4826,1780307368022323941,,1780306886892041203,/move_base-3-1780306886.892041203,3,Goal reached.
1780307368221796588,4827,1780307368221535646,,1780306886892041203,/move_base-3-1780306886.892041203,3,Goal reached.
1780307368421940238,4828,1780307368421568512,,1780306886892041203,/move_base-3-1780306886.892041203,3,Goal reached.
1780307368622163317,4829,1780307368621579035,,1780306886892041203,/move_base-3-1780306886.892041203,3,Goal reached.
1780307368821848885,4830,1780307368821540285,,1780306886892041203,/move_base-3-1780306886.892041203,3,Goal reached.
1780307369021956389,4831,1780307369021602736,,1780306886892041203,/move_base-3-1780306886.892041203,3,Goal reached.
1780307369222026027,4832,1780307369221589508,,1780306886892041203,/move_base-3-1780306886.892041203,3,Goal reached.
1780307369422201501,4833,1780307369421941547,,1780306886892041203,/move_base-3-1780306886.892041203,3,Goal reached.
1780307369622190981,4834,1780307369621585135,,1780306886892041203,/move_base-3-1780306886.892041203,3,Goal reached.
1780307369821801547,4835,1780307369821531698,,1780306886892041203,/move_base-3-1780306886.892041203,3,Goal reached.
1780307370021850873,4836,1780307370021545710,,1780306886892041203,/move_base-3-1780306886.892041203,3,Goal reached.
1780307370221964210,4837,1780307370221539097,,1780306886892041203,/move_base-3-1780306886.892041203,3,Goal reached.
1780307370422199372,4838,1780307370421519046,,1780306886892041203,/move_base-3-1780306886.892041203,3,Goal reached.
1780307370621785823,4839,1780307370621529360,,1780306886892041203,/move_base-3-1780306886.892041203,3,Goal reached.
1780307370821981506,4840,1780307370821591133,,1780306886892041203,/move_base-3-1780306886.892041203,3,Goal reached.
1780307371021874109,4841,1780307371021534102,,1780306886892041203,/move_base-3-1780306886.892041203,3,Goal reached.
1780307371221978696,4842,1780307371221562542,,1780306886892041203,/move_base-3-1780306886.892041203,3,Goal reached.
1780307371421920467,4843,1780307371421602023,,1780306886892041203,/move_base-3-1780306886.892041203,3,Goal reached.
1780307371621964844,4844,1780307371621545148,,1780306886892041203,/move_base-3-1780306886.892041203,3,Goal reached.
1780307371821938803,4845,1780307371821585671,,1780306886892041203,/move_base-3-1780306886.892041203,3,Goal reached.
1780307372023564254,4846,1780307372021593121,,1780306886892041203,/move_base-3-1780306886.892041203,3,Goal reached.
1780307372221860054,4847,1780307372221548538,,1780306886892041203,/move_base-3-1780306886.892041203,3,Goal reached.
1780307372421886150,4848,1780307372421537028,,1780306886892041203,/move_base-3-1780306886.892041203,3,Goal reached.
1780307372622382932,4849,1780307372621896881,,1780306886892041203,/move_base-3-1780306886.892041203,3,Goal reached.
1780307372821846308,4850,1780307372821541927,,1780306886892041203,/move_base-3-1780306886.892041203,3,Goal reached.
1780307373021848914,4851,1780307373021550106,,1780306886892041203,/move_base-3-1780306886.892041203,3,Goal reached.
1780307373221956261,4852,1780307373221592295,,1780306886892041203,/move_base-3-1780306886.892041203,3,Goal reached.
1780307373423156391,4853,1780307373421533025,,1780306886892041203,/move_base-3-1780306886.892041203,3,Goal reached.
1780307373621943555,4854,1780307373621621570,,1780306886892041203,/move_base-3-1780306886.892041203,3,Goal reached.
1780307373821984964,4855,1780307373821551101,,1780306886892041203,/move_base-3-1780306886.892041203,3,Goal reached.
1780307374021915589,4856,1780307374021575790,,1780306886892041203,/move_base-3-1780306886.892041203,3,Goal reached.
1780307374221824234,4857,1780307374221573760,,1780306886892041203,/move_base-3-1780306886.892041203,3,Goal reached.
1780307374421756005,4858,1780307374421525011,,1780306886892041203,/move_base-3-1780306886.892041203,3,Goal reached.
1780307374622019970,4859,1780307374621541679,,1780306886892041203,/move_base-3-1780306886.892041203,3,Goal reached.
1780307374821881896,4860,1780307374821535430,,1780306886892041203,/move_base-3-1780306886.892041203,3,Goal reached.
1780307375021745488,4861,1780307375021506421,,1780306886892041203,/move_base-3-1780306886.892041203,3,Goal reached.
1780307375221923670,4862,1780307375221552933,,1780306886892041203,/move_base-3-1780306886.892041203,3,Goal reached.
1780307375421798304,4863,1780307375421536736,,1780306886892041203,/move_base-3-1780306886.892041203,3,Goal reached.
1780307375621852057,4864,1780307375621504185,,1780306886892041203,/move_base-3-1780306886.892041203,3,Goal reached.
1780307375822150450,4865,1780307375821607939,,1780306886892041203,/move_base-3-1780306886.892041203,3,Goal reached.
1780307376021945238,4866,1780307376021561324,,1780306886892041203,/move_base-3-1780306886.892041203,3,Goal reached.
1780307376221793466,4867,1780307376221532106,,1780306886892041203,/move_base-3-1780306886.892041203,3,Goal reached.
1780307376421864927,4868,1780307376421481690,,1780306886892041203,/move_base-3-1780306886.892041203,3,Goal reached.
1780307376622176081,4869,1780307376621583725,,1780306886892041203,/move_base-3-1780306886.892041203,3,Goal reached.
1780307376821774563,4870,1780307376821526590,,1780306886892041203,/move_base-3-1780306886.892041203,3,Goal reached.
1780307377021889411,4871,1780307377021552998,,1780306886892041203,/move_base-3-1780306886.892041203,3,Goal reached.
1780307377221858787,4872,1780307377221585552,,1780306886892041203,/move_base-3-1780306886.892041203,3,Goal reached.
1780307377422292390,4873,1780307377421706285,,1780306886892041203,/move_base-3-1780306886.892041203,3,Goal reached.
1780307377621771704,4874,1780307377621516230,,1780306886892041203,/move_base-3-1780306886.892041203,3,Goal reached.
1780307377821922594,4875,1780307377821577431,,1780306886892041203,/move_base-3-1780306886.892041203,3,Goal reached.
1780307378021749936,4876,1780307378021520921,,1780306886892041203,/move_base-3-1780306886.892041203,3,Goal reached.
1780307378221862283,4877,1780307378221535297,,1780306886892041203,/move_base-3-1780306886.892041203,3,Goal reached.
1780307378426915512,4878,1780307378424932503,,1780306886892041203,/move_base-3-1780306886.892041203,3,Goal reached.
1780307378621953850,4879,1780307378621561967,,1780306886892041203,/move_base-3-1780306886.892041203,3,Goal reached.
1780307378822841213,4880,1780307378822338963,,1780306886892041203,/move_base-3-1780306886.892041203,3,Goal reached.
1780307379022698087,4881,1780307379021621971,,1780306886892041203,/move_base-3-1780306886.892041203,3,Goal reached.
1780307379221852394,4882,1780307379221541450,,1780306886892041203,/move_base-3-1780306886.892041203,3,Goal reached.
1780307379421812446,4883,1780307379421538222,,1780306886892041203,/move_base-3-1780306886.892041203,3,Goal reached.
1780307379622224800,4884,1780307379621899272,,1780306886892041203,/move_base-3-1780306886.892041203,3,Goal reached.
1780307379821783490,4885,1780307379821526245,,1780306886892041203,/move_base-3-1780306886.892041203,3,Goal reached.
1780307380022637051,4886,1780307380022119644,,1780306886892041203,/move_base-3-1780306886.892041203,3,Goal reached.
1780307380221904798,4887,1780307380221619948,,1780306886892041203,/move_base-3-1780306886.892041203,3,Goal reached.
1780307380422215639,4888,1780307380421544271,,1780306886892041203,/move_base-3-1780306886.892041203,3,Goal reached.
1780307380621808236,4889,1780307380621527032,,1780306886892041203,/move_base-3-1780306886.892041203,3,Goal reached.
1780307380821833602,4890,1780307380821575264,,1780306886892041203,/move_base-3-1780306886.892041203,3,Goal reached.
1780307381021843239,4891,1780307381021529275,,1780306886892041203,/move_base-3-1780306886.892041203,3,Goal reached.
1780307381221817094,4892,1780307381221581308,,1780306886892041203,/move_base-3-1780306886.892041203,3,Goal reached.
1780307381421791053,4893,1780307381421527611,,1780306886892041203,/move_base-3-1780306886.892041203,3,Goal reached.
1780307381624447046,4894,1780307381624098081,,1780306886892041203,/move_base-3-1780306886.892041203,3,Goal reached.
1780307381822016217,4895,1780307381821648866,,1780306886892041203,/move_base-3-1780306886.892041203,3,Goal reached.
1780307382021771526,4896,1780307382021538500,,1780306886892041203,/move_base-3-1780306886.892041203,3,Goal reached.
1780307382221792309,4897,1780307382221536418,,1780306886892041203,/move_base-3-1780306886.892041203,3,Goal reached.
1780307382422783476,4898,1780307382421542670,,1780306886892041203,/move_base-3-1780306886.892041203,3,Goal reached.
1780307382624225694,4899,1780307382623149631,,1780306886892041203,/move_base-3-1780306886.892041203,3,Goal reached.
1780307382821882888,4900,1780307382821545902,,1780306886892041203,/move_base-3-1780306886.892041203,3,Goal reached.
1780307383021961224,4901,1780307383021538507,,1780306886892041203,/move_base-3-1780306886.892041203,3,Goal reached.
1780307383221797212,4902,1780307383221531060,,1780306886892041203,/move_base-3-1780306886.892041203,3,Goal reached.
1780307383421888673,4903,1780307383421538822,,1780306886892041203,/move_base-3-1780306886.892041203,3,Goal reached.
1780307383621787370,4904,1780307383621532522,,1780306886892041203,/move_base-3-1780306886.892041203,3,Goal reached.
1780307383821812320,4905,1780307383821535440,,1780306886892041203,/move_base-3-1780306886.892041203,3,Goal reached.
1780307384024777017,4906,1780307384021589192,,1780306886892041203,/move_base-3-1780306886.892041203,3,Goal reached.
1780307384221828625,4907,1780307384221531067,,1780306886892041203,/move_base-3-1780306886.892041203,3,Goal reached.
1780307384422123424,4908,1780307384421594820,,1780306886892041203,/move_base-3-1780306886.892041203,3,Goal reached.
1780307384622196344,4909,1780307384621567164,,1780306886892041203,/move_base-3-1780306886.892041203,3,Goal reached.
1780307384821928736,4910,1780307384821550238,,1780306886892041203,/move_base-3-1780306886.892041203,3,Goal reached.
1780307385021923789,4911,1780307385021530396,,1780306886892041203,/move_base-3-1780306886.892041203,3,Goal reached.
1780307385221948791,4912,1780307385221552845,,1780306886892041203,/move_base-3-1780306886.892041203,3,Goal reached.
1780307385422539169,4913,1780307385421549513,,1780306886892041203,/move_base-3-1780306886.892041203,3,Goal reached.
1780307385625461573,4914,1780307385625036304,,1780306886892041203,/move_base-3-1780306886.892041203,3,Goal reached.
1780307385822112288,4915,1780307385821548839,,1780306886892041203,/move_base-3-1780306886.892041203,3,Goal reached.
1780307386021938536,4916,1780307386021538267,,1780306886892041203,/move_base-3-1780306886.892041203,3,Goal reached.
1780307386222032133,4917,1780307386221561238,,1780306886892041203,/move_base-3-1780306886.892041203,3,Goal reached.
1780307386421817338,4918,1780307386421539832,,1780306886892041203,/move_base-3-1780306886.892041203,3,Goal reached.
1780307386621774214,4919,1780307386621526709,,1780306886892041203,/move_base-3-1780306886.892041203,3,Goal reached.
1780307386821888332,4920,1780307386821553742,,1780306886892041203,/move_base-3-1780306886.892041203,3,Goal reached.
1780307387022007294,4921,1780307387021555462,,1780306886892041203,/move_base-3-1780306886.892041203,3,Goal reached.
1780307387221855782,4922,1780307387221543067,,1780306886892041203,/move_base-3-1780306886.892041203,3,Goal reached.
1780307387421861513,4923,1780307387421543277,,1780306886892041203,/move_base-3-1780306886.892041203,3,Goal reached.
1780307387621854951,4924,1780307387621548851,,1780306886892041203,/move_base-3-1780306886.892041203,3,Goal reached.
1780307387823629416,4925,1780307387821562499,,1780306886892041203,/move_base-3-1780306886.892041203,3,Goal reached.
1780307388022459914,4926,1780307388021540468,,1780306886892041203,/move_base-3-1780306886.892041203,3,Goal reached.
1780307388222009959,4927,1780307388221529897,,1780306886892041203,/move_base-3-1780306886.892041203,3,Goal reached.
1780307388421952875,4928,1780307388421581357,,1780306886892041203,/move_base-3-1780306886.892041203,3,Goal reached.
1780307388621923241,4929,1780307388621545993,,1780306886892041203,/move_base-3-1780306886.892041203,3,Goal reached.
1780307388822541275,4930,1780307388821636309,,1780306886892041203,/move_base-3-1780306886.892041203,3,Goal reached.
1780307389023202905,4931,1780307389021541048,,1780306886892041203,/move_base-3-1780306886.892041203,3,Goal reached.
1780307389221791263,4932,1780307389221573394,,1780306886892041203,/move_base-3-1780306886.892041203,3,Goal reached.
1780307389423692709,4933,1780307389421608552,,1780306886892041203,/move_base-3-1780306886.892041203,3,Goal reached.
1780307389621792568,4934,1780307389621531365,,1780306886892041203,/move_base-3-1780306886.892041203,3,Goal reached.
1780307389821797101,4935,1780307389821530949,,1780306886892041203,/move_base-3-1780306886.892041203,3,Goal reached.
1780307390021946792,4936,1780307390021566576,,1780306886892041203,/move_base-3-1780306886.892041203,3,Goal reached.
1780307390222044452,4937,1780307390221552619,,1780306886892041203,/move_base-3-1780306886.892041203,3,Goal reached.
1780307390421782104,4938,1780307390421540902,,1780306886892041203,/move_base-3-1780306886.892041203,3,Goal reached.
1780307390621755491,4939,1780307390621526111,,1780306886892041203,/move_base-3-1780306886.892041203,3,Goal reached.
1780307390822749731,4940,1780307390821556373,,1780306886892041203,/move_base-3-1780306886.892041203,3,Goal reached.
1780307391021831745,4941,1780307391021535645,,1780306886892041203,/move_base-3-1780306886.892041203,3,Goal reached.
1780307391224457373,4942,1780307391221641274,,1780306886892041203,/move_base-3-1780306886.892041203,3,Goal reached.
1780307391422222433,4943,1780307391421852008,,1780306886892041203,/move_base-3-1780306886.892041203,3,Goal reached.
1780307391621950710,4944,1780307391621542681,,1780306886892041203,/move_base-3-1780306886.892041203,3,Goal reached.
1780307391821910919,4945,1780307391821593412,,1780306886892041203,/move_base-3-1780306886.892041203,3,Goal reached.
1780307392029553836,4946,1780307392021584351,,1780306886892041203,/move_base-3-1780306886.892041203,3,Goal reached.
1780307392222081862,4947,1780307392221547476,,1780306886892041203,/move_base-3-1780306886.892041203,3,Goal reached.
1780307392421933684,4948,1780307392421539821,,1780306886892041203,/move_base-3-1780306886.892041203,3,Goal reached.
1780307392621835610,4949,1780307392621538521,,1780306886892041203,/move_base-3-1780306886.892041203,3,Goal reached.
1780307392823854819,4950,1780307392821553366,,1780306886892041203,/move_base-3-1780306886.892041203,3,Goal reached.
1780307393021776237,4951,1780307393021533159,,1780306886892041203,/move_base-3-1780306886.892041203,3,Goal reached.
1780307393221889157,4952,1780307393221551702,,1780306886892041203,/move_base-3-1780306886.892041203,3,Goal reached.
1780307393423938158,4953,1780307393421815823,,1780306886892041203,/move_base-3-1780306886.892041203,3,Goal reached.
1780307393621872701,4954,1780307393621542069,,1780306886892041203,/move_base-3-1780306886.892041203,3,Goal reached.
1780307393824124259,4955,1780307393821538112,,1780306886892041203,/move_base-3-1780306886.892041203,3,Goal reached.
1780307394021925101,4956,1780307394021540353,,1780306886892041203,/move_base-3-1780306886.892041203,3,Goal reached.
1780307394221846767,4957,1780307394221540198,,1780306886892041203,/move_base-3-1780306886.892041203,3,Goal reached.
1780307394422746318,4958,1780307394421559888,,1780306886892041203,/move_base-3-1780306886.892041203,3,Goal reached.
1780307394621811561,4959,1780307394621535513,,1780306886892041203,/move_base-3-1780306886.892041203,3,Goal reached.
1780307394822454492,4960,1780307394821569422,,1780306886892041203,/move_base-3-1780306886.892041203,3,Goal reached.
1780307395021990421,4961,1780307395021555152,,1780306886892041203,/move_base-3-1780306886.892041203,3,Goal reached.
1780307395221860576,4962,1780307395221544997,,1780306886892041203,/move_base-3-1780306886.892041203,3,Goal reached.
1780307395421799691,4963,1780307395421543905,,1780306886892041203,/move_base-3-1780306886.892041203,3,Goal reached.
1780307395621812557,4964,1780307395621524374,,1780306886892041203,/move_base-3-1780306886.892041203,3,Goal reached.
1780307395821829590,4965,1780307395821541407,,1780306886892041203,/move_base-3-1780306886.892041203,3,Goal reached.
1780307396022489240,4966,1780307396021611722,,1780306886892041203,/move_base-3-1780306886.892041203,3,Goal reached.
1780307396221879854,4967,1780307396221551410,,1780306886892041203,/move_base-3-1780306886.892041203,3,Goal reached.
1780307396421830636,4968,1780307396421534640,,1780306886892041203,/move_base-3-1780306886.892041203,3,Goal reached.
1780307396621974703,4969,1780307396621586518,,1780306886892041203,/move_base-3-1780306886.892041203,3,Goal reached.
1780307396823060247,4970,1780307396821544539,,1780306886892041203,/move_base-3-1780306886.892041203,3,Goal reached.
1780307397022017154,4971,1780307397021568864,,1780306886892041203,/move_base-3-1780306886.892041203,3,Goal reached.
1780307397221810797,4972,1780307397221534125,,1780306886892041203,/move_base-3-1780306886.892041203,3,Goal reached.
1780307397421783038,4973,1780307397421528918,,1780306886892041203,/move_base-3-1780306886.892041203,3,Goal reached.
1780307397622332686,4974,1780307397621565691,,1780306886892041203,/move_base-3-1780306886.892041203,3,Goal reached.
1780307397821877469,4975,1780307397821541108,,1780306886892041203,/move_base-3-1780306886.892041203,3,Goal reached.
1780307398021845908,4976,1780307398021540537,,1780306886892041203,/move_base-3-1780306886.892041203,3,Goal reached.
1780307398222344617,4977,1780307398221588560,,1780306886892041203,/move_base-3-1780306886.892041203,3,Goal reached.
1780307398421841900,4978,1780307398421546217,,1780306886892041203,/move_base-3-1780306886.892041203,3,Goal reached.
1780307398621779348,4979,1780307398621514082,,1780306886892041203,/move_base-3-1780306886.892041203,3,Goal reached.
1780307398821796172,4980,1780307398821535698,,1780306886892041203,/move_base-3-1780306886.892041203,3,Goal reached.
1780307399022841560,4981,1780307399021602680,,1780306886892041203,/move_base-3-1780306886.892041203,3,Goal reached.
1780307399223095420,4982,1780307399221607994,,1780306886892041203,/move_base-3-1780306886.892041203,3,Goal reached.
1780307399422134204,4983,1780307399421644976,,1780306886892041203,/move_base-3-1780306886.892041203,3,Goal reached.
1780307399621842793,4984,1780307399621578361,,1780306886892041203,/move_base-3-1780306886.892041203,3,Goal reached.
1780307399823463453,4985,1780307399821574404,,1780306886892041203,/move_base-3-1780306886.892041203,3,Goal reached.
1780307400021795504,4986,1780307400021528363,,1780306886892041203,/move_base-3-1780306886.892041203,3,Goal reached.
1780307400221879621,4987,1780307400221567427,,1780306886892041203,/move_base-3-1780306886.892041203,3,Goal reached.
1780307400421825403,4988,1780307400421549303,,1780306886892041203,/move_base-3-1780306886.892041203,3,Goal reached.
1780307400621822800,4989,1780307400621543940,,1780306886892041203,/move_base-3-1780306886.892041203,3,Goal reached.
1780307400821747279,4990,1780307400821524254,,1780306886892041203,/move_base-3-1780306886.892041203,3,Goal reached.
1780307401021829417,4991,1780307401021535557,,1780306886892041203,/move_base-3-1780306886.892041203,3,Goal reached.
1780307401221966557,4992,1780307401221548736,,1780306886892041203,/move_base-3-1780306886.892041203,3,Goal reached.
1780307401422216615,4993,1780307401421560717,,1780306886892041203,/move_base-3-1780306886.892041203,3,Goal reached.
1780307401622163855,4994,1780307401621560978,,1780306886892041203,/move_base-3-1780306886.892041203,3,Goal reached.
1780307401822749285,4995,1780307401821575772,,1780306886892041203,/move_base-3-1780306886.892041203,3,Goal reached.
1780307402021819268,4996,1780307402021542543,,1780306886892041203,/move_base-3-1780306886.892041203,3,Goal reached.
1780307402221861510,4997,1780307402221556243,,1780306886892041203,/move_base-3-1780306886.892041203,3,Goal reached.
1780307402421980263,4998,1780307402421550932,,1780306886892041203,/move_base-3-1780306886.892041203,3,Goal reached.
1780307402621804584,4999,1780307402621533745,,1780306886892041203,/move_base-3-1780306886.892041203,3,Goal reached.
1780307402821889483,5000,1780307402821534059,,1780306886892041203,/move_base-3-1780306886.892041203,3,Goal reached.
1780307403021835629,5001,1780307403021538279,,1780306886892041203,/move_base-3-1780306886.892041203,3,Goal reached.
1780307403221772035,5002,1780307403221528228,,1780306886892041203,/move_base-3-1780306886.892041203,3,Goal reached.
1780307403421961416,5003,1780307403421551772,,1780306886892041203,/move_base-3-1780306886.892041203,3,Goal reached.
1780307403621871780,5004,1780307403621535002,,1780306886892041203,/move_base-3-1780306886.892041203,3,Goal reached.
1780307403822020795,5005,1780307403821564119,,1780306886892041203,/move_base-3-1780306886.892041203,3,Goal reached.
1780307404021904491,5006,1780307404021553391,,1780306886892041203,/move_base-3-1780306886.892041203,3,Goal reached.
1780307404221776469,5007,1780307404221526516,,1780306886892041203,/move_base-3-1780306886.892041203,3,Goal reached.
1780307404421763762,5008,1780307404421523705,,1780306886892041203,/move_base-3-1780306886.892041203,3,Goal reached.
1780307404622965090,5009,1780307404621554072,,1780306886892041203,/move_base-3-1780306886.892041203,3,Goal reached.
1780307404821836058,5010,1780307404821542198,,1780306886892041203,/move_base-3-1780306886.892041203,3,Goal reached.
1780307405021974396,5011,1780307405021545741,,1780306886892041203,/move_base-3-1780306886.892041203,3,Goal reached.
1780307405221778299,5012,1780307405221536836,,1780306886892041203,/move_base-3-1780306886.892041203,3,Goal reached.
1780307405422041379,5013,1780307405421649808,,1780306886892041203,/move_base-3-1780306886.892041203,3,Goal reached.
1780307405621960754,5014,1780307405621564131,,1780306886892041203,/move_base-3-1780306886.892041203,3,Goal reached.
1780307405821806325,5015,1780307405821514808,,1780306886892041203,/move_base-3-1780306886.892041203,3,Goal reached.
1780307406021914453,5016,1780307406021549394,,1780306886892041203,/move_base-3-1780306886.892041203,3,Goal reached.
1780307406221896850,5017,1780307406221559239,,1780306886892041203,/move_base-3-1780306886.892041203,3,Goal reached.
1780307406421993416,5018,1780307406421571637,,1780306886892041203,/move_base-3-1780306886.892041203,3,Goal reached.
1780307406621921645,5019,1780307406621542939,,1780306886892041203,/move_base-3-1780306886.892041203,3,Goal reached.
1780307406821785081,5020,1780307406821528357,,1780306886892041203,/move_base-3-1780306886.892041203,3,Goal reached.
1780307407021814718,5021,1780307407021531640,,1780306886892041203,/move_base-3-1780306886.892041203,3,Goal reached.
1780307407223985337,5022,1780307407223518504,,1780306886892041203,/move_base-3-1780306886.892041203,3,Goal reached.
1780307407422205667,5023,1780307407421583831,,1780306886892041203,/move_base-3-1780306886.892041203,3,Goal reached.
1780307407621866807,5024,1780307407621543050,,1780306886892041203,/move_base-3-1780306886.892041203,3,Goal reached.
1780307407821779098,5025,1780307407821532062,,1780306886892041203,/move_base-3-1780306886.892041203,3,Goal reached.
1780307408021860560,5026,1780307408021531699,,1780306886892041203,/move_base-3-1780306886.892041203,3,Goal reached.
1780307408221891499,5027,1780307408221549617,,1780306886892041203,/move_base-3-1780306886.892041203,3,Goal reached.
1780307408421899417,5028,1780307408421556962,,1780306886892041203,/move_base-3-1780306886.892041203,3,Goal reached.
1780307408621852230,5029,1780307408621544516,,1780306886892041203,/move_base-3-1780306886.892041203,3,Goal reached.
1780307408821889107,5030,1780307408821546861,,1780306886892041203,/move_base-3-1780306886.892041203,3,Goal reached.
1780307409021904213,5031,1780307409021642593,,1780306886892041203,/move_base-3-1780306886.892041203,3,Goal reached.
1780307409221894891,5032,1780307409221542072,,1780306886892041203,/move_base-3-1780306886.892041203,3,Goal reached.
1780307409423180544,5033,1780307409421575095,,1780306886892041203,/move_base-3-1780306886.892041203,3,Goal reached.
1780307409621794267,5034,1780307409621537856,,1780306886892041203,/move_base-3-1780306886.892041203,3,Goal reached.
1780307409821951147,5035,1780307409821566920,,1780306886892041203,/move_base-3-1780306886.892041203,3,Goal reached.
1780307410021872917,5036,1780307410021553171,,1780306886892041203,/move_base-3-1780306886.892041203,3,Goal reached.
1780307410222028963,5037,1780307410221572860,,1780306886892041203,/move_base-3-1780306886.892041203,3,Goal reached.
1780307410422377097,5038,1780307410421549945,,1780306886892041203,/move_base-3-1780306886.892041203,3,Goal reached.
1780307410621883703,5039,1780307410621577134,,1780306886892041203,/move_base-3-1780306886.892041203,3,Goal reached.
1780307410822229909,5040,1780307410821602865,,1780306886892041203,/move_base-3-1780306886.892041203,3,Goal reached.
1780307411023460144,5041,1780307411021596616,,1780306886892041203,/move_base-3-1780306886.892041203,3,Goal reached.
1780307411221952146,5042,1780307411221557919,,1780306886892041203,/move_base-3-1780306886.892041203,3,Goal reached.
1780307411421765998,5043,1780307411421520003,,1780306886892041203,/move_base-3-1780306886.892041203,3,Goal reached.
1780307411621873449,5044,1780307411621548547,,1780306886892041203,/move_base-3-1780306886.892041203,3,Goal reached.
1780307411821956212,5045,1780307411821538496,,1780306886892041203,/move_base-3-1780306886.892041203,3,Goal reached.
1780307412021979131,5046,1780307412021547456,,1780306886892041203,/move_base-3-1780306886.892041203,3,Goal reached.
1780307412221906527,5047,1780307412221546051,,1780306886892041203,/move_base-3-1780306886.892041203,3,Goal reached.
1780307412421835954,5048,1780307412421540375,,1780306886892041203,/move_base-3-1780306886.892041203,3,Goal reached.
1780307412621856372,5049,1780307412621552616,,1780306886892041203,/move_base-3-1780306886.892041203,3,Goal reached.
1780307412821896322,5050,1780307412821545794,,1780306886892041203,/move_base-3-1780306886.892041203,3,Goal reached.
1780307413021899084,5051,1780307413021545171,,1780306886892041203,/move_base-3-1780306886.892041203,3,Goal reached.
1780307413221875700,5052,1780307413221542516,,1780306886892041203,/move_base-3-1780306886.892041203,3,Goal reached.
1780307413421809137,5053,1780307413421551424,,1780306886892041203,/move_base-3-1780306886.892041203,3,Goal reached.
1780307413622062321,5054,1780307413621623614,,1780306886892041203,/move_base-3-1780306886.892041203,3,Goal reached.
1780307413821860808,5055,1780307413821533457,,1780306886892041203,/move_base-3-1780306886.892041203,3,Goal reached.
1780307414026298816,5056,1780307414021655076,,1780306886892041203,/move_base-3-1780306886.892041203,3,Goal reached.
1780307414221955291,5057,1780307414221551064,,1780306886892041203,/move_base-3-1780306886.892041203,3,Goal reached.
1780307414424350810,5058,1780307414422938177,,1780306886892041203,/move_base-3-1780306886.892041203,3,Goal reached.
1780307414621901751,5059,1780307414621546796,,1780306886892041203,/move_base-3-1780306886.892041203,3,Goal reached.
1780307414821814824,5060,1780307414821533933,,1780306886892041203,/move_base-3-1780306886.892041203,3,Goal reached.
1780307415022849065,5061,1780307415021548153,,1780306886892041203,/move_base-3-1780306886.892041203,3,Goal reached.
1780307415221843108,5062,1780307415221543727,,1780306886892041203,/move_base-3-1780306886.892041203,3,Goal reached.
1780307415421835089,5063,1780307415421547843,,1780306886892041203,/move_base-3-1780306886.892041203,3,Goal reached.
1780307415621855351,5064,1780307415621545761,,1780306886892041203,/move_base-3-1780306886.892041203,3,Goal reached.
1780307415821944104,5065,1780307415821542325,,1780306886892041203,/move_base-3-1780306886.892041203,3,Goal reached.
1780307416021882906,5066,1780307416021548264,,1780306886892041203,/move_base-3-1780306886.892041203,3,Goal reached.
1780307416221780041,5067,1780307416221530817,,1780306886892041203,/move_base-3-1780306886.892041203,3,Goal reached.
1780307416421793636,5068,1780307416421533944,,1780306886892041203,/move_base-3-1780306886.892041203,3,Goal reached.
1780307416621886504,5069,1780307416621552227,,1780306886892041203,/move_base-3-1780306886.892041203,3,Goal reached.
1780307416821850932,5070,1780307416821543009,,1780306886892041203,/move_base-3-1780306886.892041203,3,Goal reached.
1780307417021893643,5071,1780307417021551500,,1780306886892041203,/move_base-3-1780306886.892041203,3,Goal reached.
1780307417221866352,5072,1780307417221603221,,1780306886892041203,/move_base-3-1780306886.892041203,3,Goal reached.
1780307417422956479,5073,1780307417421554368,,1780306886892041203,/move_base-3-1780306886.892041203,3,Goal reached.
1780307417621929481,5074,1780307417621553171,,1780306886892041203,/move_base-3-1780306886.892041203,3,Goal reached.
1780307417821890835,5075,1780307417821542547,,1780306886892041203,/move_base-3-1780306886.892041203,3,Goal reached.
1780307418021892035,5076,1780307418021596456,,1780306886892041203,/move_base-3-1780306886.892041203,3,Goal reached.
1780307418222622624,5077,1780307418221537394,,1780306886892041203,/move_base-3-1780306886.892041203,3,Goal reached.
1780307418421794483,5078,1780307418421539530,,1780306886892041203,/move_base-3-1780306886.892041203,3,Goal reached.
1780307418624494436,5079,1780307418621570418,,1780306886892041203,/move_base-3-1780306886.892041203,3,Goal reached.
1780307418821925270,5080,1780307418821542294,,1780306886892041203,/move_base-3-1780306886.892041203,3,Goal reached.
1780307419021759643,5081,1780307419021540316,,1780306886892041203,/move_base-3-1780306886.892041203,3,Goal reached.
1780307419221877407,5082,1780307419221520681,,1780306886892041203,/move_base-3-1780306886.892041203,3,Goal reached.
1780307419421928035,5083,1780307419421542194,,1780306886892041203,/move_base-3-1780306886.892041203,3,Goal reached.
1780307419621924651,5084,1780307419621551049,,1780306886892041203,/move_base-3-1780306886.892041203,3,Goal reached.
1780307419822057155,5085,1780307419821548030,,1780306886892041203,/move_base-3-1780306886.892041203,3,Goal reached.
1780307420021878715,5086,1780307420021560427,,1780306886892041203,/move_base-3-1780306886.892041203,3,Goal reached.
1780307420222702379,5087,1780307420221566366,,1780306886892041203,/move_base-3-1780306886.892041203,3,Goal reached.
1780307420421908562,5088,1780307420421545117,,1780306886892041203,/move_base-3-1780306886.892041203,3,Goal reached.
1780307420621877261,5089,1780307420621552046,,1780306886892041203,/move_base-3-1780306886.892041203,3,Goal reached.
1780307420821969556,5090,1780307420821598090,,1780306886892041203,/move_base-3-1780306886.892041203,3,Goal reached.
1780307421021854763,5091,1780307421021545225,,1780306886892041203,/move_base-3-1780306886.892041203,3,Goal reached.
1780307421221872681,5092,1780307421221545591,,1780306886892041203,/move_base-3-1780306886.892041203,3,Goal reached.
1780307421421886068,5093,1780307421421547364,,1780306886892041203,/move_base-3-1780306886.892041203,3,Goal reached.
1780307421621840652,5094,1780307421621539604,,1780306886892041203,/move_base-3-1780306886.892041203,3,Goal reached.
1780307421821830132,5095,1780307421821535543,,1780306886892041203,/move_base-3-1780306886.892041203,3,Goal reached.
1780307422022180714,5096,1780307422021547211,,1780306886892041203,/move_base-3-1780306886.892041203,3,Goal reached.
1780307422222036806,5097,1780307422221573828,,1780306886892041203,/move_base-3-1780306886.892041203,3,Goal reached.
1780307422422005036,5098,1780307422421551016,,1780306886892041203,/move_base-3-1780306886.892041203,3,Goal reached.
1780307422621842065,5099,1780307422621543361,,1780306886892041203,/move_base-3-1780306886.892041203,3,Goal reached.
1780307422821965715,5100,1780307422821538519,,1780306886892041203,/move_base-3-1780306886.892041203,3,Goal reached.
1780307423021911653,5101,1780307423021544041,,1780306886892041203,/move_base-3-1780306886.892041203,3,Goal reached.
1780307423221942488,5102,1780307423221588731,,1780306886892041203,/move_base-3-1780306886.892041203,3,Goal reached.
1780307423421839362,5103,1780307423421538575,,1780306886892041203,/move_base-3-1780306886.892041203,3,Goal reached.
1780307423621871760,5104,1780307423621542431,,1780306886892041203,/move_base-3-1780306886.892041203,3,Goal reached.
1780307423821960253,5105,1780307423821562693,,1780306886892041203,/move_base-3-1780306886.892041203,3,Goal reached.
1780307424022315574,5106,1780307424021754313,,1780306886892041203,/move_base-3-1780306886.892041203,3,Goal reached.
1780307424221857858,5107,1780307424221533997,,1780306886892041203,/move_base-3-1780306886.892041203,3,Goal reached.
1780307424421886558,5108,1780307424421575041,,1780306886892041203,/move_base-3-1780306886.892041203,3,Goal reached.
1780307424621858121,5109,1780307424621541448,,1780306886892041203,/move_base-3-1780306886.892041203,3,Goal reached.
1780307424822205629,5110,1780307424821601763,,1780306886892041203,/move_base-3-1780306886.892041203,3,Goal reached.
1780307425021817550,5111,1780307425021530669,,1780306886892041203,/move_base-3-1780306886.892041203,3,Goal reached.
1780307425221997659,5112,1780307425221572494,,1780306886892041203,/move_base-3-1780306886.892041203,3,Goal reached.
1780307425421898908,5113,1780307425421536401,,1780306886892041203,/move_base-3-1780306886.892041203,3,Goal reached.
1780307425622068080,5114,1780307425621563851,,1780306886892041203,/move_base-3-1780306886.892041203,3,Goal reached.
1780307425821839691,5115,1780307425821538018,,1780306886892041203,/move_base-3-1780306886.892041203,3,Goal reached.
1780307426023568061,5116,1780307426021582760,,1780306886892041203,/move_base-3-1780306886.892041203,3,Goal reached.
1780307426221890372,5117,1780307426221547657,,1780306886892041203,/move_base-3-1780306886.892041203,3,Goal reached.
1780307426421841883,5118,1780307426421552502,,1780306886892041203,/move_base-3-1780306886.892041203,3,Goal reached.
1780307426621806779,5119,1780307426621533753,,1780306886892041203,/move_base-3-1780306886.892041203,3,Goal reached.
1780307426821737717,5120,1780307426821531411,,1780306886892041203,/move_base-3-1780306886.892041203,3,Goal reached.
1780307427021994130,5121,1780307427021566465,,1780306886892041203,/move_base-3-1780306886.892041203,3,Goal reached.
1780307427221919546,5122,1780307427221543341,,1780306886892041203,/move_base-3-1780306886.892041203,3,Goal reached.
1780307427421966892,5123,1780307427421552665,,1780306886892041203,/move_base-3-1780306886.892041203,3,Goal reached.
1780307427621914965,5124,1780307427621543395,,1780306886892041203,/move_base-3-1780306886.892041203,3,Goal reached.
1780307427822347163,5125,1780307427821883404,,1780306886892041203,/move_base-3-1780306886.892041203,3,Goal reached.
1780307428021931219,5126,1780307428021543086,,1780306886892041203,/move_base-3-1780306886.892041203,3,Goal reached.
1780307428221848510,5127,1780307428221546212,,1780306886892041203,/move_base-3-1780306886.892041203,3,Goal reached.
1780307428421872730,5128,1780307428421574964,,1780306886892041203,/move_base-3-1780306886.892041203,3,Goal reached.
1780307428621887524,5129,1780307428621527100,,1780306886892041203,/move_base-3-1780306886.892041203,3,Goal reached.
1780307428822348368,5130,1780307428821961120,,1780306886892041203,/move_base-3-1780306886.892041203,3,Goal reached.
1780307429021895808,5131,1780307429021596635,,1780306886892041203,/move_base-3-1780306886.892041203,3,Goal reached.
1780307429221913518,5132,1780307429221565126,,1780306886892041203,/move_base-3-1780306886.892041203,3,Goal reached.
1780307429421830809,5133,1780307429421544085,,1780306886892041203,/move_base-3-1780306886.892041203,3,Goal reached.
1780307429621863207,5134,1780307429621576118,,1780306886892041203,/move_base-3-1780306886.892041203,3,Goal reached.
1780307429821821541,5135,1780307429821582109,,1780306886892041203,/move_base-3-1780306886.892041203,3,Goal reached.
1780307430021832116,5136,1780307430021527943,,1780306886892041203,/move_base-3-1780306886.892041203,3,Goal reached.
1780307430222015350,5137,1780307430221550184,,1780306886892041203,/move_base-3-1780306886.892041203,3,Goal reached.
1780307430421858994,5138,1780307430421540915,,1780306886892041203,/move_base-3-1780306886.892041203,3,Goal reached.
1780307430621842745,5139,1780307430621543728,,1780306886892041203,/move_base-3-1780306886.892041203,3,Goal reached.
1780307430822616825,5140,1780307430822295724,,1780306886892041203,/move_base-3-1780306886.892041203,3,Goal reached.
1780307431021960563,5141,1780307431021547898,,1780306886892041203,/move_base-3-1780306886.892041203,3,Goal reached.
1780307431221864677,5142,1780307431221538420,,1780306886892041203,/move_base-3-1780306886.892041203,3,Goal reached.
1780307431421859626,5143,1780307431421542380,,1780306886892041203,/move_base-3-1780306886.892041203,3,Goal reached.
1780307431621914889,5144,1780307431621561392,,1780306886892041203,/move_base-3-1780306886.892041203,3,Goal reached.
1780307431822302971,5145,1780307431821776085,,1780306886892041203,/move_base-3-1780306886.892041203,3,Goal reached.
1780307432021868901,5146,1780307432021553842,,1780306886892041203,/move_base-3-1780306886.892041203,3,Goal reached.
1780307432221895101,5147,1780307432221542229,,1780306886892041203,/move_base-3-1780306886.892041203,3,Goal reached.
1780307432421820830,5148,1780307432421535147,,1780306886892041203,/move_base-3-1780306886.892041203,3,Goal reached.
1780307432621914323,5149,1780307432621575461,,1780306886892041203,/move_base-3-1780306886.892041203,3,Goal reached.
1780307432821765883,5150,1780307432821527493,,1780306886892041203,/move_base-3-1780306886.892041203,3,Goal reached.
1780307433021951149,5151,1780307433021645986,,1780306886892041203,/move_base-3-1780306886.892041203,3,Goal reached.
1780307433222185374,5152,1780307433221608643,,1780306886892041203,/move_base-3-1780306886.892041203,3,Goal reached.
1780307433421841931,5153,1780307433421543748,,1780306886892041203,/move_base-3-1780306886.892041203,3,Goal reached.
1780307433623012685,5154,1780307433621549843,,1780306886892041203,/move_base-3-1780306886.892041203,3,Goal reached.
1780307433821836933,5155,1780307433821544532,,1780306886892041203,/move_base-3-1780306886.892041203,3,Goal reached.
1780307434021901676,5156,1780307434021525835,,1780306886892041203,/move_base-3-1780306886.892041203,3,Goal reached.
1780307434221931626,5157,1780307434221550993,,1780306886892041203,/move_base-3-1780306886.892041203,3,Goal reached.
1780307434422641381,5158,1780307434421564224,,1780306886892041203,/move_base-3-1780306886.892041203,3,Goal reached.
1780307434621824855,5159,1780307434621540474,,1780306886892041203,/move_base-3-1780306886.892041203,3,Goal reached.
1780307434821837461,5160,1780307434821503027,,1780306886892041203,/move_base-3-1780306886.892041203,3,Goal reached.
1780307435021948819,5161,1780307435021558134,,1780306886892041203,/move_base-3-1780306886.892041203,3,Goal reached.
1780307435221961998,5162,1780307435221569698,,1780306886892041203,/move_base-3-1780306886.892041203,3,Goal reached.
1780307435422438571,5163,1780307435421911894,,1780306886892041203,/move_base-3-1780306886.892041203,3,Goal reached.
1780307435621886322,5164,1780307435621537825,,1780306886892041203,/move_base-3-1780306886.892041203,3,Goal reached.
1780307435821890177,5165,1780307435821553243,,1780306886892041203,/move_base-3-1780306886.892041203,3,Goal reached.
1780307436021846897,5166,1780307436021545015,,1780306886892041203,/move_base-3-1780306886.892041203,3,Goal reached.
1780307436221944504,5167,1780307436221545329,,1780306886892041203,/move_base-3-1780306886.892041203,3,Goal reached.
1780307436423772043,5168,1780307436421535799,,1780306886892041203,/move_base-3-1780306886.892041203,3,Goal reached.
1780307436622259305,5169,1780307436621757576,,1780306886892041203,/move_base-3-1780306886.892041203,3,Goal reached.
1780307436821955081,5170,1780307436821541010,,1780306886892041203,/move_base-3-1780306886.892041203,3,Goal reached.
1780307437022049095,5171,1780307437021645024,,1780306886892041203,/move_base-3-1780306886.892041203,3,Goal reached.
1780307437221889718,5172,1780307437221544867,,1780306886892041203,/move_base-3-1780306886.892041203,3,Goal reached.
1780307437421864094,5173,1780307437421547629,,1780306886892041203,/move_base-3-1780306886.892041203,3,Goal reached.
1780307437624364250,5174,1780307437623102245,,1780306886892041203,/move_base-3-1780306886.892041203,3,Goal reached.
1780307437821845450,5175,1780307437821552580,,1780306886892041203,/move_base-3-1780306886.892041203,3,Goal reached.
1780307438021884151,5176,1780307438021547737,,1780306886892041203,/move_base-3-1780306886.892041203,3,Goal reached.
1780307438221841807,5177,1780307438221538520,,1780306886892041203,/move_base-3-1780306886.892041203,3,Goal reached.
1780307438421866705,5178,1780307438421540657,,1780306886892041203,/move_base-3-1780306886.892041203,3,Goal reached.
1780307438621879415,5179,1780307438621547481,,1780306886892041203,/move_base-3-1780306886.892041203,3,Goal reached.
1780307438821831915,5180,1780307438821537691,,1780306886892041203,/move_base-3-1780306886.892041203,3,Goal reached.
1780307439023603203,5181,1780307439021697279,,1780306886892041203,/move_base-3-1780306886.892041203,3,Goal reached.
1780307439222138070,5182,1780307439221537329,,1780306886892041203,/move_base-3-1780306886.892041203,3,Goal reached.
1780307439421843638,5183,1780307439421542591,,1780306886892041203,/move_base-3-1780306886.892041203,3,Goal reached.
1780307439621878901,5184,1780307439621541186,,1780306886892041203,/move_base-3-1780306886.892041203,3,Goal reached.
1780307439821966560,5185,1780307439821570250,,1780306886892041203,/move_base-3-1780306886.892041203,3,Goal reached.
1780307440023586959,5186,1780307440021542907,,1780306886892041203,/move_base-3-1780306886.892041203,3,Goal reached.
1780307440221968803,5187,1780307440221548846,,1780306886892041203,/move_base-3-1780306886.892041203,3,Goal reached.
1780307440421930835,5188,1780307440421604161,,1780306886892041203,/move_base-3-1780306886.892041203,3,Goal reached.
1780307440621894429,5189,1780307440621550516,,1780306886892041203,/move_base-3-1780306886.892041203,3,Goal reached.
1780307440821843648,5190,1780307440821541611,,1780306886892041203,/move_base-3-1780306886.892041203,3,Goal reached.
1780307441021879171,5191,1780307441021557602,,1780306886892041203,/move_base-3-1780306886.892041203,3,Goal reached.
1780307441222162668,5192,1780307441221652918,,1780306886892041203,/move_base-3-1780306886.892041203,3,Goal reached.
1780307441422079074,5193,1780307441421537396,,1780306886892041203,/move_base-3-1780306886.892041203,3,Goal reached.
1780307441622980864,5194,1780307441622635909,,1780306886892041203,/move_base-3-1780306886.892041203,3,Goal reached.
1780307441821846519,5195,1780307441821545107,,1780306886892041203,/move_base-3-1780306886.892041203,3,Goal reached.
1780307442021940481,5196,1780307442021609693,,1780306886892041203,/move_base-3-1780306886.892041203,3,Goal reached.
1780307442221949337,5197,1780307442221567246,,1780306886892041203,/move_base-3-1780306886.892041203,3,Goal reached.
1780307442421975328,5198,1780307442421547715,,1780306886892041203,/move_base-3-1780306886.892041203,3,Goal reached.
1780307442622068509,5199,1780307442621572926,,1780306886892041203,/move_base-3-1780306886.892041203,3,Goal reached.
1780307442822533572,5200,1780307442821917257,,1780306886892041203,/move_base-3-1780306886.892041203,3,Goal reached.
1780307443022534198,5201,1780307443021997468,,1780306886892041203,/move_base-3-1780306886.892041203,3,Goal reached.
1780307443221890697,5202,1780307443221599076,,1780306886892041203,/move_base-3-1780306886.892041203,3,Goal reached.
1780307443422049087,5203,1780307443421644808,,1780306886892041203,/move_base-3-1780306886.892041203,3,Goal reached.
1780307443621816844,5204,1780307443621541265,,1780306886892041203,/move_base-3-1780306886.892041203,3,Goal reached.
1780307443821915962,5205,1780307443821556996,,1780306886892041203,/move_base-3-1780306886.892041203,3,Goal reached.
1780307444021893567,5206,1780307444021560331,,1780306886892041203,/move_base-3-1780306886.892041203,3,Goal reached.
1780307444222113052,5207,1780307444221619500,,1780306886892041203,/move_base-3-1780306886.892041203,3,Goal reached.
1780307444422086959,5208,1780307444421617626,,1780306886892041203,/move_base-3-1780306886.892041203,3,Goal reached.
1780307444621841018,5209,1780307444621537261,,1780306886892041203,/move_base-3-1780306886.892041203,3,Goal reached.
1780307444821968886,5210,1780307444821568305,,1780306886892041203,/move_base-3-1780306886.892041203,3,Goal reached.
1780307445021902011,5211,1780307445021544504,,1780306886892041203,/move_base-3-1780306886.892041203,3,Goal reached.
1780307445221808886,5212,1780307445221537943,,1780306886892041203,/move_base-3-1780306886.892041203,3,Goal reached.
1780307445421839304,5213,1780307445421543778,,1780306886892041203,/move_base-3-1780306886.892041203,3,Goal reached.
1780307445621882171,5214,1780307445621535758,,1780306886892041203,/move_base-3-1780306886.892041203,3,Goal reached.
1780307445821834463,5215,1780307445821528624,,1780306886892041203,/move_base-3-1780306886.892041203,3,Goal reached.
1780307446021912695,5216,1780307446021602168,,1780306886892041203,/move_base-3-1780306886.892041203,3,Goal reached.
1780307446221926082,5217,1780307446221558367,,1780306886892041203,/move_base-3-1780306886.892041203,3,Goal reached.
1780307446421854364,5218,1780307446421550243,,1780306886892041203,/move_base-3-1780306886.892041203,3,Goal reached.
1780307446621860771,5219,1780307446621541077,,1780306886892041203,/move_base-3-1780306886.892041203,3,Goal reached.
1780307446821831345,5220,1780307446821534985,,1780306886892041203,/move_base-3-1780306886.892041203,3,Goal reached.
1780307447022039371,5221,1780307447021649364,,1780306886892041203,/move_base-3-1780306886.892041203,3,Goal reached.
1780307447221966455,5222,1780307447221575249,,1780306886892041203,/move_base-3-1780306886.892041203,3,Goal reached.
1780307447422238753,5223,1780307447421569365,,1780306886892041203,/move_base-3-1780306886.892041203,3,Goal reached.
1780307447621840413,5224,1780307447621544834,,1780306886892041203,/move_base-3-1780306886.892041203,3,Goal reached.
1780307447821941094,5225,1780307447821560253,,1780306886892041203,/move_base-3-1780306886.892041203,3,Goal reached.
1780307448021852552,5226,1780307448021539108,,1780306886892041203,/move_base-3-1780306886.892041203,3,Goal reached.
1780307448221967607,5227,1780307448221578016,,1780306886892041203,/move_base-3-1780306886.892041203,3,Goal reached.
1780307448422024016,5228,1780307448421549996,,1780306886892041203,/move_base-3-1780306886.892041203,3,Goal reached.
1780307448622054070,5229,1780307448621582186,,1780306886892041203,/move_base-3-1780306886.892041203,3,Goal reached.
1780307448821947663,5230,1780307448821564635,,1780306886892041203,/move_base-3-1780306886.892041203,3,Goal reached.
1780307449021895268,5231,1780307449021530052,,1780306886892041203,/move_base-3-1780306886.892041203,3,Goal reached.
1780307449221870216,5232,1780307449221545835,,1780306886892041203,/move_base-3-1780306886.892041203,3,Goal reached.
1780307449421946209,5233,1780307449421553024,,1780306886892041203,/move_base-3-1780306886.892041203,3,Goal reached.
1780307449622323093,5234,1780307449621631256,,1780306886892041203,/move_base-3-1780306886.892041203,3,Goal reached.
1780307449821840741,5235,1780307449821541360,,1780306886892041203,/move_base-3-1780306886.892041203,3,Goal reached.
1780307450021906420,5236,1780307450021589539,,1780306886892041203,/move_base-3-1780306886.892041203,3,Goal reached.
1780307450221838608,5237,1780307450221541467,,1780306886892041203,/move_base-3-1780306886.892041203,3,Goal reached.
1780307450421876214,5238,1780307450421552301,,1780306886892041203,/move_base-3-1780306886.892041203,3,Goal reached.
1780307450621900539,5239,1780307450621544230,,1780306886892041203,/move_base-3-1780306886.892041203,3,Goal reached.
1780307450821945646,5240,1780307450821546731,,1780306886892041203,/move_base-3-1780306886.892041203,3,Goal reached.
1780307451021843457,5241,1780307451021539962,,1780306886892041203,/move_base-3-1780306886.892041203,3,Goal reached.
1780307451221825177,5242,1780307451221539911,,1780306886892041203,/move_base-3-1780306886.892041203,3,Goal reached.
1780307451421811428,5243,1780307451421530172,,1780306886892041203,/move_base-3-1780306886.892041203,3,Goal reached.
1780307451621899869,5244,1780307451621548664,,1780306886892041203,/move_base-3-1780306886.892041203,3,Goal reached.
1780307451821840286,5245,1780307451821540748,,1780306886892041203,/move_base-3-1780306886.892041203,3,Goal reached.
1780307452021765338,5246,1780307452021531114,,1780306886892041203,/move_base-3-1780306886.892041203,3,Goal reached.
1780307452221960291,5247,1780307452221544189,,1780306886892041203,/move_base-3-1780306886.892041203,3,Goal reached.
1780307452422468375,5248,1780307452421604400,,1780306886892041203,/move_base-3-1780306886.892041203,3,Goal reached.
1780307452621884042,5249,1780307452621536743,,1780306886892041203,/move_base-3-1780306886.892041203,3,Goal reached.
1780307452821868574,5250,1780307452821551901,,1780306886892041203,/move_base-3-1780306886.892041203,3,Goal reached.
1780307453021834929,5251,1780307453021550132,,1780306886892041203,/move_base-3-1780306886.892041203,3,Goal reached.
1780307453221963787,5252,1780307453221558519,,1780306886892041203,/move_base-3-1780306886.892041203,3,Goal reached.
1780307453421953476,5253,1780307453421595448,,1780306886892041203,/move_base-3-1780306886.892041203,3,Goal reached.
1780307453622061396,5254,1780307453621571959,,1780306886892041203,/move_base-3-1780306886.892041203,3,Goal reached.
1780307453821861029,5255,1780307453821547064,,1780306886892041203,/move_base-3-1780306886.892041203,3,Goal reached.
1780307454021826498,5256,1780307454021536180,,1780306886892041203,/move_base-3-1780306886.892041203,3,Goal reached.
1780307454222649433,5257,1780307454221548004,,1780306886892041203,/move_base-3-1780306886.892041203,3,Goal reached.
1780307454425824447,5258,1780307454422457191,,1780306886892041203,/move_base-3-1780306886.892041203,3,Goal reached.
1780307454622112185,5259,1780307454621622279,,1780306886892041203,/move_base-3-1780306886.892041203,3,Goal reached.
1780307454821853223,5260,1780307454821547696,,1780306886892041203,/move_base-3-1780306886.892041203,3,Goal reached.
1780307455022008280,5261,1780307455021574208,,1780306886892041203,/move_base-3-1780306886.892041203,3,Goal reached.
1780307455222760536,5262,1780307455222229483,,1780306886892041203,/move_base-3-1780306886.892041203,3,Goal reached.
1780307455422172869,5263,1780307455421807393,,1780306886892041203,/move_base-3-1780306886.892041203,3,Goal reached.
1780307455622791685,5264,1780307455622333655,,1780306886892041203,/move_base-3-1780306886.892041203,3,Goal reached.
1780307455821888231,5265,1780307455821545828,,1780306886892041203,/move_base-3-1780306886.892041203,3,Goal reached.
1780307456025571588,5266,1780307456021744427,,1780306886892041203,/move_base-3-1780306886.892041203,3,Goal reached.
1780307456222128342,5267,1780307456221635780,,1780306886892041203,/move_base-3-1780306886.892041203,3,Goal reached.
1780307456422829087,5268,1780307456422381943,,1780306886892041203,/move_base-3-1780306886.892041203,3,Goal reached.
1780307456621959383,5269,1780307456621553229,,1780306886892041203,/move_base-3-1780306886.892041203,3,Goal reached.
1780307456823544052,5270,1780307456822967270,,1780306886892041203,/move_base-3-1780306886.892041203,3,Goal reached.
1780307457022502991,5271,1780307457021818862,,1780306886892041203,/move_base-3-1780306886.892041203,3,Goal reached.
1780307457223918490,5272,1780307457221555056,,1780306886892041203,/move_base-3-1780306886.892041203,3,Goal reached.
1780307457421901992,5273,1780307457421530526,,1780306886892041203,/move_base-3-1780306886.892041203,3,Goal reached.
1780307457622680863,5274,1780307457622110904,,1780306886892041203,/move_base-3-1780306886.892041203,3,Goal reached.
1780307457822370181,5275,1780307457821559748,,1780306886892041203,/move_base-3-1780306886.892041203,3,Goal reached.
1780307458021840328,5276,1780307458021551780,,1780306886892041203,/move_base-3-1780306886.892041203,3,Goal reached.
1780307458221881841,5277,1780307458221537667,,1780306886892041203,/move_base-3-1780306886.892041203,3,Goal reached.
1780307458423191452,5278,1780307458422078408,,1780306886892041203,/move_base-3-1780306886.892041203,3,Goal reached.
1780307458624075273,5279,1780307458621567670,,1780306886892041203,/move_base-3-1780306886.892041203,3,Goal reached.
1780307458822568213,5280,1780307458821848771,,1780306886892041203,/move_base-3-1780306886.892041203,3,Goal reached.
1780307459022599256,5281,1780307459021616684,,1780306886892041203,/move_base-3-1780306886.892041203,3,Goal reached.
1780307459224682009,5282,1780307459223007495,,1780306886892041203,/move_base-3-1780306886.892041203,3,Goal reached.
1780307459424269241,5283,1780307459421599187,,1780306886892041203,/move_base-3-1780306886.892041203,3,Goal reached.
1780307459622153835,5284,1780307459621690284,,1780306886892041203,/move_base-3-1780306886.892041203,3,Goal reached.
1780307459824459196,5285,1780307459821810600,,1780306886892041203,/move_base-3-1780306886.892041203,3,Goal reached.
1780307460021846019,5286,1780307460021511116,,1780306886892041203,/move_base-3-1780306886.892041203,3,Goal reached.
1780307460100292873,5287,1780307460095941691,,1780306886892041203,/move_base-3-1780306886.892041203,3,Goal reached.,1780307460095850231,/move_base-4-1780307460.95850231,1,This goal has been accepted by the simple action server
1780307460222070712,5288,1780307460221556171,,1780306886892041203,/move_base-3-1780306886.892041203,3,Goal reached.,1780307460095850231,/move_base-4-1780307460.95850231,1,This goal has been accepted by the simple action server
1780307460424694257,5289,1780307460421544193,,1780306886892041203,/move_base-3-1780306886.892041203,3,Goal reached.,1780307460095850231,/move_base-4-1780307460.95850231,1,This goal has been accepted by the simple action server
1780307460622119310,5290,1780307460621686957,,1780306886892041203,/move_base-3-1780306886.892041203,3,Goal reached.,1780307460095850231,/move_base-4-1780307460.95850231,1,This goal has been accepted by the simple action server
1780307460821840816,5291,1780307460821554560,,1780306886892041203,/move_base-3-1780306886.892041203,3,Goal reached.,1780307460095850231,/move_base-4-1780307460.95850231,1,This goal has been accepted by the simple action server
1780307461021846807,5292,1780307461021546645,,1780306886892041203,/move_base-3-1780306886.892041203,3,Goal reached.,1780307460095850231,/move_base-4-1780307460.95850231,1,This goal has been accepted by the simple action server
1780307461221921810,5293,1780307461221636023,,1780306886892041203,/move_base-3-1780306886.892041203,3,Goal reached.,1780307460095850231,/move_base-4-1780307460.95850231,1,This goal has been accepted by the simple action server
1780307461422823652,5294,1780307461422142076,,1780306886892041203,/move_base-3-1780306886.892041203,3,Goal reached.,1780307460095850231,/move_base-4-1780307460.95850231,1,This goal has been accepted by the simple action server
1780307461622833914,5295,1780307461622298226,,1780306886892041203,/move_base-3-1780306886.892041203,3,Goal reached.,1780307460095850231,/move_base-4-1780307460.95850231,1,This goal has been accepted by the simple action server
1780307461822142756,5296,1780307461821552536,,1780306886892041203,/move_base-3-1780306886.892041203,3,Goal reached.,1780307460095850231,/move_base-4-1780307460.95850231,1,This goal has been accepted by the simple action server
1780307462022040203,5297,1780307462021575819,,1780306886892041203,/move_base-3-1780306886.892041203,3,Goal reached.,1780307460095850231,/move_base-4-1780307460.95850231,1,This goal has been accepted by the simple action server
1780307462222352503,5298,1780307462221980724,,1780306886892041203,/move_base-3-1780306886.892041203,3,Goal reached.,1780307460095850231,/move_base-4-1780307460.95850231,1,This goal has been accepted by the simple action server
1780307462421860827,5299,1780307462421560977,,1780306886892041203,/move_base-3-1780306886.892041203,3,Goal reached.,1780307460095850231,/move_base-4-1780307460.95850231,1,This goal has been accepted by the simple action server
1780307462621896663,5300,1780307462621547489,,1780306886892041203,/move_base-3-1780306886.892041203,3,Goal reached.,1780307460095850231,/move_base-4-1780307460.95850231,1,This goal has been accepted by the simple action server
1780307462831213833,5301,1780307462825812056,,1780306886892041203,/move_base-3-1780306886.892041203,3,Goal reached.,1780307460095850231,/move_base-4-1780307460.95850231,1,This goal has been accepted by the simple action server
1780307463022336153,5302,1780307463021841508,,1780306886892041203,/move_base-3-1780306886.892041203,3,Goal reached.,1780307460095850231,/move_base-4-1780307460.95850231,1,This goal has been accepted by the simple action server
1780307463222262403,5303,1780307463221581400,,1780306886892041203,/move_base-3-1780306886.892041203,3,Goal reached.,1780307460095850231,/move_base-4-1780307460.95850231,1,This goal has been accepted by the simple action server
1780307463421851198,5304,1780307463421549161,,1780306886892041203,/move_base-3-1780306886.892041203,3,Goal reached.,1780307460095850231,/move_base-4-1780307460.95850231,1,This goal has been accepted by the simple action server
1780307463622176154,5305,1780307463621555048,,1780306886892041203,/move_base-3-1780306886.892041203,3,Goal reached.,1780307460095850231,/move_base-4-1780307460.95850231,1,This goal has been accepted by the simple action server
1780307463825372731,5306,1780307463821624790,,1780306886892041203,/move_base-3-1780306886.892041203,3,Goal reached.,1780307460095850231,/move_base-4-1780307460.95850231,1,This goal has been accepted by the simple action server
1780307464021869745,5307,1780307464021544373,,1780306886892041203,/move_base-3-1780306886.892041203,3,Goal reached.,1780307460095850231,/move_base-4-1780307460.95850231,1,This goal has been accepted by the simple action server
1780307464222457050,5308,1780307464221678857,,1780306886892041203,/move_base-3-1780306886.892041203,3,Goal reached.,1780307460095850231,/move_base-4-1780307460.95850231,1,This goal has been accepted by the simple action server
1780307464421791569,5309,1780307464421537814,,1780306886892041203,/move_base-3-1780306886.892041203,3,Goal reached.,1780307460095850231,/move_base-4-1780307460.95850231,1,This goal has been accepted by the simple action server
1780307464621911572,5310,1780307464621546773,,1780306886892041203,/move_base-3-1780306886.892041203,3,Goal reached.,1780307460095850231,/move_base-4-1780307460.95850231,1,This goal has been accepted by the simple action server
1780307464826953447,5311,1780307464821544952,,1780306886892041203,/move_base-3-1780306886.892041203,3,Goal reached.,1780307460095850231,/move_base-4-1780307460.95850231,1,This goal has been accepted by the simple action server
1780307465022697997,5312,1780307465021535734,,1780306886892041203,/move_base-3-1780306886.892041203,3,Goal reached.,1780307460095850231,/move_base-4-1780307460.95850231,1,This goal has been accepted by the simple action server
1780307465222159602,5313,1780307465221568028,,1780306886892041203,/move_base-3-1780306886.892041203,3,Goal reached.,1780307460095850231,/move_base-4-1780307460.95850231,1,This goal has been accepted by the simple action server
1780307465421894755,5314,1780307465421554539,,1780307460095850231,/move_base-4-1780307460.95850231,1,This goal has been accepted by the simple action server,1780307465395884903,/move_base-5-1780307465.395884903,0,
1780307465496983572,5315,1780307465496221890,,1780307460095850231,/move_base-4-1780307460.95850231,2,This goal was canceled because another goal was recieved by the simple action server,1780307465395884903,/move_base-5-1780307465.395884903,0,
1780307465497340611,5316,1780307465496259287,,1780307460095850231,/move_base-4-1780307460.95850231,2,This goal was canceled because another goal was recieved by the simple action server,1780307465395884903,/move_base-5-1780307465.395884903,1,This goal has been accepted by the simple action server
1780307465622550551,5317,1780307465621526884,,1780307460095850231,/move_base-4-1780307460.95850231,2,This goal was canceled because another goal was recieved by the simple action server,1780307465395884903,/move_base-5-1780307465.395884903,1,This goal has been accepted by the simple action server
1780307465821863611,5318,1780307465821549230,,1780307460095850231,/move_base-4-1780307460.95850231,2,This goal was canceled because another goal was recieved by the simple action server,1780307465395884903,/move_base-5-1780307465.395884903,1,This goal has been accepted by the simple action server
1780307466025151023,5319,1780307466021556679,,1780307460095850231,/move_base-4-1780307460.95850231,2,This goal was canceled because another goal was recieved by the simple action server,1780307465395884903,/move_base-5-1780307465.395884903,1,This goal has been accepted by the simple action server
1780307466227597532,5320,1780307466221555691,,1780307460095850231,/move_base-4-1780307460.95850231,2,This goal was canceled because another goal was recieved by the simple action server,1780307465395884903,/move_base-5-1780307465.395884903,1,This goal has been accepted by the simple action server
1780307466422202893,5321,1780307466421722779,,1780307460095850231,/move_base-4-1780307460.95850231,2,This goal was canceled because another goal was recieved by the simple action server,1780307465395884903,/move_base-5-1780307465.395884903,1,This goal has been accepted by the simple action server
1780307466621835335,5322,1780307466621549079,,1780307460095850231,/move_base-4-1780307460.95850231,2,This goal was canceled because another goal was recieved by the simple action server,1780307465395884903,/move_base-5-1780307465.395884903,1,This goal has been accepted by the simple action server
1780307466822024611,5323,1780307466821622102,,1780307460095850231,/move_base-4-1780307460.95850231,2,This goal was canceled because another goal was recieved by the simple action server,1780307465395884903,/move_base-5-1780307465.395884903,1,This goal has been accepted by the simple action server
1780307467021984351,5324,1780307467021565280,,1780307460095850231,/move_base-4-1780307460.95850231,2,This goal was canceled because another goal was recieved by the simple action server,1780307465395884903,/move_base-5-1780307465.395884903,1,This goal has been accepted by the simple action server
1780307467222713013,5325,1780307467222219513,,1780307460095850231,/move_base-4-1780307460.95850231,2,This goal was canceled because another goal was recieved by the simple action server,1780307465395884903,/move_base-5-1780307465.395884903,1,This goal has been accepted by the simple action server
1780307467421975030,5326,1780307467421546220,,1780307460095850231,/move_base-4-1780307460.95850231,2,This goal was canceled because another goal was recieved by the simple action server,1780307465395884903,/move_base-5-1780307465.395884903,1,This goal has been accepted by the simple action server
1780307467621842581,5327,1780307467621543825,,1780307460095850231,/move_base-4-1780307460.95850231,2,This goal was canceled because another goal was recieved by the simple action server,1780307465395884903,/move_base-5-1780307465.395884903,1,This goal has been accepted by the simple action server
1780307467822229309,5328,1780307467821569973,,1780307460095850231,/move_base-4-1780307460.95850231,2,This goal was canceled because another goal was recieved by the simple action server,1780307465395884903,/move_base-5-1780307465.395884903,1,This goal has been accepted by the simple action server
1780307468024450397,5329,1780307468022998493,,1780307460095850231,/move_base-4-1780307460.95850231,2,This goal was canceled because another goal was recieved by the simple action server,1780307465395884903,/move_base-5-1780307465.395884903,1,This goal has been accepted by the simple action server
1780307468226323353,5330,1780307468225435419,,1780307460095850231,/move_base-4-1780307460.95850231,2,This goal was canceled because another goal was recieved by the simple action server,1780307465395884903,/move_base-5-1780307465.395884903,1,This goal has been accepted by the simple action server
1780307468424304564,5331,1780307468421680656,,1780307460095850231,/move_base-4-1780307460.95850231,2,This goal was canceled because another goal was recieved by the simple action server,1780307465395884903,/move_base-5-1780307465.395884903,1,This goal has been accepted by the simple action server
1780307468622375307,5332,1780307468622075874,,1780307460095850231,/move_base-4-1780307460.95850231,2,This goal was canceled because another goal was recieved by the simple action server,1780307465395884903,/move_base-5-1780307465.395884903,1,This goal has been accepted by the simple action server
1780307468823070791,5333,1780307468822589740,,1780307460095850231,/move_base-4-1780307460.95850231,2,This goal was canceled because another goal was recieved by the simple action server,1780307465395884903,/move_base-5-1780307465.395884903,1,This goal has been accepted by the simple action server
1780307469021909259,5334,1780307469021545293,,1780307460095850231,/move_base-4-1780307460.95850231,2,This goal was canceled because another goal was recieved by the simple action server,1780307465395884903,/move_base-5-1780307465.395884903,1,This goal has been accepted by the simple action server
1780307469222079420,5335,1780307469221602223,,1780307460095850231,/move_base-4-1780307460.95850231,2,This goal was canceled because another goal was recieved by the simple action server,1780307465395884903,/move_base-5-1780307465.395884903,1,This goal has been accepted by the simple action server
1780307469422145725,5336,1780307469421656913,,1780307460095850231,/move_base-4-1780307460.95850231,2,This goal was canceled because another goal was recieved by the simple action server,1780307465395884903,/move_base-5-1780307465.395884903,1,This goal has been accepted by the simple action server
1780307469622726884,5337,1780307469621600975,,1780307460095850231,/move_base-4-1780307460.95850231,2,This goal was canceled because another goal was recieved by the simple action server,1780307465395884903,/move_base-5-1780307465.395884903,1,This goal has been accepted by the simple action server
1780307469822214583,5338,1780307469821818064,,1780307460095850231,/move_base-4-1780307460.95850231,2,This goal was canceled because another goal was recieved by the simple action server,1780307465395884903,/move_base-5-1780307465.395884903,1,This goal has been accepted by the simple action server
1780307470021919214,5339,1780307470021612176,,1780307460095850231,/move_base-4-1780307460.95850231,2,This goal was canceled because another goal was recieved by the simple action server,1780307465395884903,/move_base-5-1780307465.395884903,1,This goal has been accepted by the simple action server
1780307470221870516,5340,1780307470221531916,,1780307460095850231,/move_base-4-1780307460.95850231,2,This goal was canceled because another goal was recieved by the simple action server,1780307465395884903,/move_base-5-1780307465.395884903,1,This goal has been accepted by the simple action server
1780307470422006770,5341,1780307470421548063,,1780307460095850231,/move_base-4-1780307460.95850231,2,This goal was canceled because another goal was recieved by the simple action server,1780307465395884903,/move_base-5-1780307465.395884903,1,This goal has been accepted by the simple action server
1780307470621982448,5342,1780307470621579159,,1780307460095850231,/move_base-4-1780307460.95850231,2,This goal was canceled because another goal was recieved by the simple action server,1780307465395884903,/move_base-5-1780307465.395884903,1,This goal has been accepted by the simple action server
1780307470822263705,5343,1780307470821790831,,1780307465395884903,/move_base-5-1780307465.395884903,1,This goal has been accepted by the simple action server
1780307471021903491,5344,1780307471021582964,,1780307465395884903,/move_base-5-1780307465.395884903,1,This goal has been accepted by the simple action server
1780307471222007401,5345,1780307471221614268,,1780307465395884903,/move_base-5-1780307465.395884903,1,This goal has been accepted by the simple action server
1780307471422698093,5346,1780307471422273345,,1780307465395884903,/move_base-5-1780307465.395884903,1,This goal has been accepted by the simple action server
1780307471622311681,5347,1780307471621846775,,1780307465395884903,/move_base-5-1780307465.395884903,1,This goal has been accepted by the simple action server
1780307471831226498,5348,1780307471821542552,,1780307465395884903,/move_base-5-1780307465.395884903,1,This goal has been accepted by the simple action server
1780307472021837194,5349,1780307472021544949,,1780307465395884903,/move_base-5-1780307465.395884903,1,This goal has been accepted by the simple action server
1780307472222133764,5350,1780307472221554950,,1780307465395884903,/move_base-5-1780307465.395884903,1,This goal has been accepted by the simple action server
1780307472421993242,5351,1780307472421642662,,1780307465395884903,/move_base-5-1780307465.395884903,1,This goal has been accepted by the simple action server
1780307472630753682,5352,1780307472621867251,,1780307465395884903,/move_base-5-1780307465.395884903,1,This goal has been accepted by the simple action server
1780307472822029860,5353,1780307472821624696,,1780307465395884903,/move_base-5-1780307465.395884903,1,This goal has been accepted by the simple action server
1780307473023569632,5354,1780307473023137801,,1780307465395884903,/move_base-5-1780307465.395884903,1,This goal has been accepted by the simple action server
1780307473222231325,5355,1780307473221749180,,1780307465395884903,/move_base-5-1780307465.395884903,1,This goal has been accepted by the simple action server
1780307473421899705,5356,1780307473421544229,,1780307465395884903,/move_base-5-1780307465.395884903,1,This goal has been accepted by the simple action server
1780307473622645920,5357,1780307473622291017,,1780307465395884903,/move_base-5-1780307465.395884903,1,This goal has been accepted by the simple action server
1780307473821884395,5358,1780307473821565430,,1780307465395884903,/move_base-5-1780307465.395884903,1,This goal has been accepted by the simple action server
1780307474025702339,5359,1780307474021556994,,1780307465395884903,/move_base-5-1780307465.395884903,1,This goal has been accepted by the simple action server
1780307474222109507,5360,1780307474221715801,,1780307465395884903,/move_base-5-1780307465.395884903,1,This goal has been accepted by the simple action server
1780307474422035496,5361,1780307474421554809,,1780307465395884903,/move_base-5-1780307465.395884903,1,This goal has been accepted by the simple action server
1780307474625560934,5362,1780307474621550227,,1780307465395884903,/move_base-5-1780307465.395884903,1,This goal has been accepted by the simple action server
1780307474822223784,5363,1780307474821583615,,1780307465395884903,/move_base-5-1780307465.395884903,1,This goal has been accepted by the simple action server
1780307475022828537,5364,1780307475022422800,,1780307465395884903,/move_base-5-1780307465.395884903,1,This goal has been accepted by the simple action server
1780307475222025501,5365,1780307475221554033,,1780307465395884903,/move_base-5-1780307465.395884903,1,This goal has been accepted by the simple action server
1780307475421917480,5366,1780307475421547003,,1780307465395884903,/move_base-5-1780307465.395884903,1,This goal has been accepted by the simple action server
1780307475621929513,5367,1780307475621553515,,1780307465395884903,/move_base-5-1780307465.395884903,1,This goal has been accepted by the simple action server
1780307475824126850,5368,1780307475821566590,,1780307465395884903,/move_base-5-1780307465.395884903,1,This goal has been accepted by the simple action server
1780307476023726896,5369,1780307476021545758,,1780307465395884903,/move_base-5-1780307465.395884903,1,This goal has been accepted by the simple action server
1780307476224572175,5370,1780307476223379077,,1780307465395884903,/move_base-5-1780307465.395884903,1,This goal has been accepted by the simple action server
1780307476421907070,5371,1780307476421558729,,1780307465395884903,/move_base-5-1780307465.395884903,1,This goal has been accepted by the simple action server
1780307476621943582,5372,1780307476621565397,,1780307465395884903,/move_base-5-1780307465.395884903,1,This goal has been accepted by the simple action server
1780307476821961761,5373,1780307476821525450,,1780307465395884903,/move_base-5-1780307465.395884903,1,This goal has been accepted by the simple action server
1780307477023176527,5374,1780307477021555035,,1780307465395884903,/move_base-5-1780307465.395884903,1,This goal has been accepted by the simple action server
1780307477221926034,5375,1780307477221546182,,1780307465395884903,/move_base-5-1780307465.395884903,1,This goal has been accepted by the simple action server
1780307477423433149,5376,1780307477421633842,,1780307465395884903,/move_base-5-1780307465.395884903,1,This goal has been accepted by the simple action server
1780307477622008538,5377,1780307477621540352,,1780307465395884903,/move_base-5-1780307465.395884903,1,This goal has been accepted by the simple action server
1780307477822313390,5378,1780307477821925725,,1780307465395884903,/move_base-5-1780307465.395884903,1,This goal has been accepted by the simple action server
1780307478022333235,5379,1780307478021795047,,1780307465395884903,/move_base-5-1780307465.395884903,1,This goal has been accepted by the simple action server
1780307478221947968,5380,1780307478221567648,,1780307465395884903,/move_base-5-1780307465.395884903,1,This goal has been accepted by the simple action server
1780307478421975939,5381,1780307478421612963,,1780307465395884903,/move_base-5-1780307465.395884903,1,This goal has been accepted by the simple action server
1780307478629968134,5382,1780307478629605627,,1780307465395884903,/move_base-5-1780307465.395884903,1,This goal has been accepted by the simple action server
1780307478822334074,5383,1780307478821539683,,1780307465395884903,/move_base-5-1780307465.395884903,1,This goal has been accepted by the simple action server
1780307479023652488,5384,1780307479022827262,,1780307465395884903,/move_base-5-1780307465.395884903,1,This goal has been accepted by the simple action server
1780307479222011310,5385,1780307479221612604,,1780307465395884903,/move_base-5-1780307465.395884903,1,This goal has been accepted by the simple action server
1780307479424409745,5386,1780307479424003435,,1780307465395884903,/move_base-5-1780307465.395884903,1,This goal has been accepted by the simple action server
1780307479622375330,5387,1780307479621541303,,1780307465395884903,/move_base-5-1780307465.395884903,1,This goal has been accepted by the simple action server
1780307479822410645,5388,1780307479821554794,,1780307465395884903,/move_base-5-1780307465.395884903,1,This goal has been accepted by the simple action server
1780307480021982877,5389,1780307480021574171,,1780307465395884903,/move_base-5-1780307465.395884903,1,This goal has been accepted by the simple action server
1780307480223168007,5390,1780307480222713570,,1780307465395884903,/move_base-5-1780307465.395884903,1,This goal has been accepted by the simple action server
1780307480421828085,5391,1780307480421541256,,1780307465395884903,/move_base-5-1780307465.395884903,1,This goal has been accepted by the simple action server
1780307480622016267,5392,1780307480621642145,,1780307465395884903,/move_base-5-1780307465.395884903,1,This goal has been accepted by the simple action server
1780307480821900173,5393,1780307480821546832,,1780307465395884903,/move_base-5-1780307465.395884903,1,This goal has been accepted by the simple action server
1780307481022025541,5394,1780307481021566313,,1780307465395884903,/move_base-5-1780307465.395884903,1,This goal has been accepted by the simple action server
1780307481222130336,5395,1780307481221555377,,1780307465395884903,/move_base-5-1780307465.395884903,1,This goal has been accepted by the simple action server
1780307481421854863,5396,1780307481421543607,,1780307465395884903,/move_base-5-1780307465.395884903,1,This goal has been accepted by the simple action server
1780307481621951169,5397,1780307481621573296,,1780307465395884903,/move_base-5-1780307465.395884903,1,This goal has been accepted by the simple action server
1780307481821937211,5398,1780307481821540797,,1780307465395884903,/move_base-5-1780307465.395884903,1,This goal has been accepted by the simple action server,1780307481642900709,/move_base-6-1780307481.642900709,0,
1780307482025011911,5399,1780307482023939545,,1780307465395884903,/move_base-5-1780307465.395884903,1,This goal has been accepted by the simple action server,1780307481642900709,/move_base-6-1780307481.642900709,0,
1780307482221832889,5400,1780307482221544967,,1780307465395884903,/move_base-5-1780307465.395884903,1,This goal has been accepted by the simple action server,1780307481642900709,/move_base-6-1780307481.642900709,0,
1780307482421956122,5401,1780307482421607261,,1780307465395884903,/move_base-5-1780307465.395884903,1,This goal has been accepted by the simple action server,1780307481642900709,/move_base-6-1780307481.642900709,0,
1780307482624105646,5402,1780307482622934945,,1780307465395884903,/move_base-5-1780307465.395884903,1,This goal has been accepted by the simple action server,1780307481642900709,/move_base-6-1780307481.642900709,0,
1780307482747562374,5403,1780307482746643501,,1780307465395884903,/move_base-5-1780307465.395884903,2,This goal was canceled because another goal was recieved by the simple action server,1780307481642900709,/move_base-6-1780307481.642900709,0,
1780307482748505987,5404,1780307482746680220,,1780307465395884903,/move_base-5-1780307465.395884903,2,This goal was canceled because another goal was recieved by the simple action server,1780307481642900709,/move_base-6-1780307481.642900709,1,This goal has been accepted by the simple action server
1780307482832614675,5405,1780307482831864139,,1780307465395884903,/move_base-5-1780307465.395884903,2,This goal was canceled because another goal was recieved by the simple action server,1780307481642900709,/move_base-6-1780307481.642900709,1,This goal has been accepted by the simple action server
1780307483025037960,5406,1780307483021987585,,1780307465395884903,/move_base-5-1780307465.395884903,2,This goal was canceled because another goal was recieved by the simple action server,1780307481642900709,/move_base-6-1780307481.642900709,1,This goal has been accepted by the simple action server
1780307483221976909,5407,1780307483221554401,,1780307465395884903,/move_base-5-1780307465.395884903,2,This goal was canceled because another goal was recieved by the simple action server,1780307481642900709,/move_base-6-1780307481.642900709,1,This goal has been accepted by the simple action server
1780307483422412701,5408,1780307483421575496,,1780307465395884903,/move_base-5-1780307465.395884903,2,This goal was canceled because another goal was recieved by the simple action server,1780307481642900709,/move_base-6-1780307481.642900709,1,This goal has been accepted by the simple action server
1780307483625586152,5409,1780307483621808315,,1780307465395884903,/move_base-5-1780307465.395884903,2,This goal was canceled because another goal was recieved by the simple action server,1780307481642900709,/move_base-6-1780307481.642900709,1,This goal has been accepted by the simple action server
1780307483822011081,5410,1780307483821543884,,1780307465395884903,/move_base-5-1780307465.395884903,2,This goal was canceled because another goal was recieved by the simple action server,1780307481642900709,/move_base-6-1780307481.642900709,1,This goal has been accepted by the simple action server
1780307484021919205,5411,1780307484021547479,,1780307465395884903,/move_base-5-1780307465.395884903,2,This goal was canceled because another goal was recieved by the simple action server,1780307481642900709,/move_base-6-1780307481.642900709,1,This goal has been accepted by the simple action server
1780307484222294943,5412,1780307484221891237,,1780307465395884903,/move_base-5-1780307465.395884903,2,This goal was canceled because another goal was recieved by the simple action server,1780307481642900709,/move_base-6-1780307481.642900709,1,This goal has been accepted by the simple action server
1780307484421982699,5413,1780307484421562430,,1780307465395884903,/move_base-5-1780307465.395884903,2,This goal was canceled because another goal was recieved by the simple action server,1780307481642900709,/move_base-6-1780307481.642900709,1,This goal has been accepted by the simple action server
1780307484621979627,5414,1780307484621567275,,1780307465395884903,/move_base-5-1780307465.395884903,2,This goal was canceled because another goal was recieved by the simple action server,1780307481642900709,/move_base-6-1780307481.642900709,1,This goal has been accepted by the simple action server
1780307484822020306,5415,1780307484821544411,,1780307465395884903,/move_base-5-1780307465.395884903,2,This goal was canceled because another goal was recieved by the simple action server,1780307481642900709,/move_base-6-1780307481.642900709,1,This goal has been accepted by the simple action server
1780307485021965567,5416,1780307485021571445,,1780307465395884903,/move_base-5-1780307465.395884903,2,This goal was canceled because another goal was recieved by the simple action server,1780307481642900709,/move_base-6-1780307481.642900709,1,This goal has been accepted by the simple action server
1780307485221814836,5417,1780307485221527435,,1780307465395884903,/move_base-5-1780307465.395884903,2,This goal was canceled because another goal was recieved by the simple action server,1780307481642900709,/move_base-6-1780307481.642900709,1,This goal has been accepted by the simple action server
1780307485421996300,5418,1780307485421580145,,1780307465395884903,/move_base-5-1780307465.395884903,2,This goal was canceled because another goal was recieved by the simple action server,1780307481642900709,/move_base-6-1780307481.642900709,1,This goal has been accepted by the simple action server,1780307485414490210,/move_base-7-1780307485.414490210,0,
1780307485547459266,5419,1780307485546960401,,1780307465395884903,/move_base-5-1780307465.395884903,2,This goal was canceled because another goal was recieved by the simple action server,1780307481642900709,/move_base-6-1780307481.642900709,2,This goal was canceled because another goal was recieved by the simple action server,1780307485414490210,/move_base-7-1780307485.414490210,0,
1780307485547508798,5420,1780307485547003371,,1780307465395884903,/move_base-5-1780307465.395884903,2,This goal was canceled because another goal was recieved by the simple action server,1780307481642900709,/move_base-6-1780307481.642900709,2,This goal was canceled because another goal was recieved by the simple action server,1780307485414490210,/move_base-7-1780307485.414490210,1,This goal has been accepted by the simple action server
1780307485621843850,5421,1780307485621537177,,1780307465395884903,/move_base-5-1780307465.395884903,2,This goal was canceled because another goal was recieved by the simple action server,1780307481642900709,/move_base-6-1780307481.642900709,2,This goal was canceled because another goal was recieved by the simple action server,1780307485414490210,/move_base-7-1780307485.414490210,1,This goal has been accepted by the simple action server
1780307485823048147,5422,1780307485821555773,,1780307465395884903,/move_base-5-1780307465.395884903,2,This goal was canceled because another goal was recieved by the simple action server,1780307481642900709,/move_base-6-1780307481.642900709,2,This goal was canceled because another goal was recieved by the simple action server,1780307485414490210,/move_base-7-1780307485.414490210,1,This goal has been accepted by the simple action server
1780307486022191464,5423,1780307486021532753,,1780307465395884903,/move_base-5-1780307465.395884903,2,This goal was canceled because another goal was recieved by the simple action server,1780307481642900709,/move_base-6-1780307481.642900709,2,This goal was canceled because another goal was recieved by the simple action server,1780307485414490210,/move_base-7-1780307485.414490210,1,This goal has been accepted by the simple action server
1780307486229374372,5424,1780307486221778332,,1780307465395884903,/move_base-5-1780307465.395884903,2,This goal was canceled because another goal was recieved by the simple action server,1780307481642900709,/move_base-6-1780307481.642900709,2,This goal was canceled because another goal was recieved by the simple action server,1780307485414490210,/move_base-7-1780307485.414490210,1,This goal has been accepted by the simple action server
1780307486424419220,5425,1780307486423543057,,1780307465395884903,/move_base-5-1780307465.395884903,2,This goal was canceled because another goal was recieved by the simple action server,1780307481642900709,/move_base-6-1780307481.642900709,2,This goal was canceled because another goal was recieved by the simple action server,1780307485414490210,/move_base-7-1780307485.414490210,1,This goal has been accepted by the simple action server
1780307486623539204,5426,1780307486621680781,,1780307465395884903,/move_base-5-1780307465.395884903,2,This goal was canceled because another goal was recieved by the simple action server,1780307481642900709,/move_base-6-1780307481.642900709,2,This goal was canceled because another goal was recieved by the simple action server,1780307485414490210,/move_base-7-1780307485.414490210,1,This goal has been accepted by the simple action server
1780307486822147614,5427,1780307486821714429,,1780307465395884903,/move_base-5-1780307465.395884903,2,This goal was canceled because another goal was recieved by the simple action server,1780307481642900709,/move_base-6-1780307481.642900709,2,This goal was canceled because another goal was recieved by the simple action server,1780307485414490210,/move_base-7-1780307485.414490210,1,This goal has been accepted by the simple action server
1780307487048337575,5428,1780307487021862610,,1780307465395884903,/move_base-5-1780307465.395884903,2,This goal was canceled because another goal was recieved by the simple action server,1780307481642900709,/move_base-6-1780307481.642900709,2,This goal was canceled because another goal was recieved by the simple action server,1780307485414490210,/move_base-7-1780307485.414490210,1,This goal has been accepted by the simple action server
1780307487221859747,5429,1780307487221554688,,1780307465395884903,/move_base-5-1780307465.395884903,2,This goal was canceled because another goal was recieved by the simple action server,1780307481642900709,/move_base-6-1780307481.642900709,2,This goal was canceled because another goal was recieved by the simple action server,1780307485414490210,/move_base-7-1780307485.414490210,1,This goal has been accepted by the simple action server
1780307487424218129,5430,1780307487423928488,,1780307465395884903,/move_base-5-1780307465.395884903,2,This goal was canceled because another goal was recieved by the simple action server,1780307481642900709,/move_base-6-1780307481.642900709,2,This goal was canceled because another goal was recieved by the simple action server,1780307485414490210,/move_base-7-1780307485.414490210,1,This goal has been accepted by the simple action server
1780307487621866468,5431,1780307487621548545,,1780307465395884903,/move_base-5-1780307465.395884903,2,This goal was canceled because another goal was recieved by the simple action server,1780307481642900709,/move_base-6-1780307481.642900709,2,This goal was canceled because another goal was recieved by the simple action server,1780307485414490210,/move_base-7-1780307485.414490210,1,This goal has been accepted by the simple action server
1780307487822062203,5432,1780307487821574224,,1780307465395884903,/move_base-5-1780307465.395884903,2,This goal was canceled because another goal was recieved by the simple action server,1780307481642900709,/move_base-6-1780307481.642900709,2,This goal was canceled because another goal was recieved by the simple action server,1780307485414490210,/move_base-7-1780307485.414490210,1,This goal has been accepted by the simple action server
1780307487947369384,5433,1780307487946740205,,1780307481642900709,/move_base-6-1780307481.642900709,2,This goal was canceled because another goal was recieved by the simple action server,1780307485414490210,/move_base-7-1780307485.414490210,2,This goal was canceled because another goal was recieved by the simple action server,1780307487834352348,/move_base-8-1780307487.834352348,0,
1780307487947413500,5434,1780307487946780414,,1780307481642900709,/move_base-6-1780307481.642900709,2,This goal was canceled because another goal was recieved by the simple action server,1780307485414490210,/move_base-7-1780307485.414490210,2,This goal was canceled because another goal was recieved by the simple action server,1780307487834352348,/move_base-8-1780307487.834352348,1,This goal has been accepted by the simple action server
1780307488022112882,5435,1780307488021542767,,1780307481642900709,/move_base-6-1780307481.642900709,2,This goal was canceled because another goal was recieved by the simple action server,1780307485414490210,/move_base-7-1780307485.414490210,2,This goal was canceled because another goal was recieved by the simple action server,1780307487834352348,/move_base-8-1780307487.834352348,1,This goal has been accepted by the simple action server
1780307488222567945,5436,1780307488221779439,,1780307481642900709,/move_base-6-1780307481.642900709,2,This goal was canceled because another goal was recieved by the simple action server,1780307485414490210,/move_base-7-1780307485.414490210,2,This goal was canceled because another goal was recieved by the simple action server,1780307487834352348,/move_base-8-1780307487.834352348,1,This goal has been accepted by the simple action server
1780307488421850744,5437,1780307488421538655,,1780307481642900709,/move_base-6-1780307481.642900709,2,This goal was canceled because another goal was recieved by the simple action server,1780307485414490210,/move_base-7-1780307485.414490210,2,This goal was canceled because another goal was recieved by the simple action server,1780307487834352348,/move_base-8-1780307487.834352348,1,This goal has been accepted by the simple action server
1780307488622704565,5438,1780307488621555844,,1780307481642900709,/move_base-6-1780307481.642900709,2,This goal was canceled because another goal was recieved by the simple action server,1780307485414490210,/move_base-7-1780307485.414490210,2,This goal was canceled because another goal was recieved by the simple action server,1780307487834352348,/move_base-8-1780307487.834352348,1,This goal has been accepted by the simple action server
1780307488822785089,5439,1780307488821553137,,1780307481642900709,/move_base-6-1780307481.642900709,2,This goal was canceled because another goal was recieved by the simple action server,1780307485414490210,/move_base-7-1780307485.414490210,2,This goal was canceled because another goal was recieved by the simple action server,1780307487834352348,/move_base-8-1780307487.834352348,1,This goal has been accepted by the simple action server
1780307489022204610,5440,1780307489021669599,,1780307481642900709,/move_base-6-1780307481.642900709,2,This goal was canceled because another goal was recieved by the simple action server,1780307485414490210,/move_base-7-1780307485.414490210,2,This goal was canceled because another goal was recieved by the simple action server,1780307487834352348,/move_base-8-1780307487.834352348,1,This goal has been accepted by the simple action server
1780307489221830124,5441,1780307489221546421,,1780307481642900709,/move_base-6-1780307481.642900709,2,This goal was canceled because another goal was recieved by the simple action server,1780307485414490210,/move_base-7-1780307485.414490210,2,This goal was canceled because another goal was recieved by the simple action server,1780307487834352348,/move_base-8-1780307487.834352348,1,This goal has been accepted by the simple action server
1780307489422057422,5442,1780307489421720905,,1780307481642900709,/move_base-6-1780307481.642900709,2,This goal was canceled because another goal was recieved by the simple action server,1780307485414490210,/move_base-7-1780307485.414490210,2,This goal was canceled because another goal was recieved by the simple action server,1780307487834352348,/move_base-8-1780307487.834352348,1,This goal has been accepted by the simple action server
1780307489622449879,5443,1780307489622017787,,1780307481642900709,/move_base-6-1780307481.642900709,2,This goal was canceled because another goal was recieved by the simple action server,1780307485414490210,/move_base-7-1780307485.414490210,2,This goal was canceled because another goal was recieved by the simple action server,1780307487834352348,/move_base-8-1780307487.834352348,1,This goal has been accepted by the simple action server
1780307489822257898,5444,1780307489821877525,,1780307481642900709,/move_base-6-1780307481.642900709,2,This goal was canceled because another goal was recieved by the simple action server,1780307485414490210,/move_base-7-1780307485.414490210,2,This goal was canceled because another goal was recieved by the simple action server,1780307487834352348,/move_base-8-1780307487.834352348,1,This goal has been accepted by the simple action server
1780307490021962580,5445,1780307490021551374,,1780307481642900709,/move_base-6-1780307481.642900709,2,This goal was canceled because another goal was recieved by the simple action server,1780307485414490210,/move_base-7-1780307485.414490210,2,This goal was canceled because another goal was recieved by the simple action server,1780307487834352348,/move_base-8-1780307487.834352348,1,This goal has been accepted by the simple action server
1780307490221887893,5446,1780307490221553563,,1780307481642900709,/move_base-6-1780307481.642900709,2,This goal was canceled because another goal was recieved by the simple action server,1780307485414490210,/move_base-7-1780307485.414490210,2,This goal was canceled because another goal was recieved by the simple action server,1780307487834352348,/move_base-8-1780307487.834352348,1,This goal has been accepted by the simple action server
1780307490423304798,5447,1780307490423000261,,1780307481642900709,/move_base-6-1780307481.642900709,2,This goal was canceled because another goal was recieved by the simple action server,1780307485414490210,/move_base-7-1780307485.414490210,2,This goal was canceled because another goal was recieved by the simple action server,1780307487834352348,/move_base-8-1780307487.834352348,1,This goal has been accepted by the simple action server
1780307490622501502,5448,1780307490621560910,,1780307481642900709,/move_base-6-1780307481.642900709,2,This goal was canceled because another goal was recieved by the simple action server,1780307485414490210,/move_base-7-1780307485.414490210,2,This goal was canceled because another goal was recieved by the simple action server,1780307487834352348,/move_base-8-1780307487.834352348,1,This goal has been accepted by the simple action server
1780307490823416470,5449,1780307490822975940,,1780307485414490210,/move_base-7-1780307485.414490210,2,This goal was canceled because another goal was recieved by the simple action server,1780307487834352348,/move_base-8-1780307487.834352348,1,This goal has been accepted by the simple action server
1780307491022336189,5450,1780307491021931024,,1780307485414490210,/move_base-7-1780307485.414490210,2,This goal was canceled because another goal was recieved by the simple action server,1780307487834352348,/move_base-8-1780307487.834352348,1,This goal has been accepted by the simple action server
1780307491222142957,5451,1780307491221673156,,1780307485414490210,/move_base-7-1780307485.414490210,2,This goal was canceled because another goal was recieved by the simple action server,1780307487834352348,/move_base-8-1780307487.834352348,1,This goal has been accepted by the simple action server
1780307491425142030,5452,1780307491424801814,,1780307485414490210,/move_base-7-1780307485.414490210,2,This goal was canceled because another goal was recieved by the simple action server,1780307487834352348,/move_base-8-1780307487.834352348,1,This goal has been accepted by the simple action server
1780307491623164855,5453,1780307491622837661,,1780307485414490210,/move_base-7-1780307485.414490210,2,This goal was canceled because another goal was recieved by the simple action server,1780307487834352348,/move_base-8-1780307487.834352348,1,This goal has been accepted by the simple action server
1780307491822288954,5454,1780307491821986552,,1780307485414490210,/move_base-7-1780307485.414490210,2,This goal was canceled because another goal was recieved by the simple action server,1780307487834352348,/move_base-8-1780307487.834352348,1,This goal has been accepted by the simple action server
1780307492023150952,5455,1780307492022597138,,1780307485414490210,/move_base-7-1780307485.414490210,2,This goal was canceled because another goal was recieved by the simple action server,1780307487834352348,/move_base-8-1780307487.834352348,1,This goal has been accepted by the simple action server
1780307492222426303,5456,1780307492221555973,,1780307485414490210,/move_base-7-1780307485.414490210,2,This goal was canceled because another goal was recieved by the simple action server,1780307487834352348,/move_base-8-1780307487.834352348,1,This goal has been accepted by the simple action server
1780307492422233488,5457,1780307492421576235,,1780307485414490210,/move_base-7-1780307485.414490210,2,This goal was canceled because another goal was recieved by the simple action server,1780307487834352348,/move_base-8-1780307487.834352348,1,This goal has been accepted by the simple action server
1780307492622736833,5458,1780307492622352814,,1780307485414490210,/move_base-7-1780307485.414490210,2,This goal was canceled because another goal was recieved by the simple action server,1780307487834352348,/move_base-8-1780307487.834352348,1,This goal has been accepted by the simple action server
1780307492823375910,5459,1780307492822503652,,1780307485414490210,/move_base-7-1780307485.414490210,2,This goal was canceled because another goal was recieved by the simple action server,1780307487834352348,/move_base-8-1780307487.834352348,1,This goal has been accepted by the simple action server
1780307493022261722,5460,1780307493021804681,,1780307485414490210,/move_base-7-1780307485.414490210,2,This goal was canceled because another goal was recieved by the simple action server,1780307487834352348,/move_base-8-1780307487.834352348,1,This goal has been accepted by the simple action server
1780307493222590636,5461,1780307493221558115,,1780307487834352348,/move_base-8-1780307487.834352348,1,This goal has been accepted by the simple action server
1780307493422047501,5462,1780307493421544626,,1780307487834352348,/move_base-8-1780307487.834352348,1,This goal has been accepted by the simple action server
1780307493621997554,5463,1780307493621559628,,1780307487834352348,/move_base-8-1780307487.834352348,1,This goal has been accepted by the simple action server
1780307493821960575,5464,1780307493821530254,,1780307487834352348,/move_base-8-1780307487.834352348,1,This goal has been accepted by the simple action server
1780307494021843647,5465,1780307494021544058,,1780307487834352348,/move_base-8-1780307487.834352348,1,This goal has been accepted by the simple action server
1780307494222068913,5466,1780307494221558226,,1780307487834352348,/move_base-8-1780307487.834352348,1,This goal has been accepted by the simple action server
1780307494424232344,5467,1780307494423875254,,1780307487834352348,/move_base-8-1780307487.834352348,1,This goal has been accepted by the simple action server
1780307494622039436,5468,1780307494621592917,,1780307487834352348,/move_base-8-1780307487.834352348,1,This goal has been accepted by the simple action server
1780307494825743628,5469,1780307494825298723,,1780307487834352348,/move_base-8-1780307487.834352348,1,This goal has been accepted by the simple action server
1780307495022170223,5470,1780307495021546408,,1780307487834352348,/move_base-8-1780307487.834352348,1,This goal has been accepted by the simple action server
1780307495223373165,5471,1780307495221627036,,1780307487834352348,/move_base-8-1780307487.834352348,1,This goal has been accepted by the simple action server
1780307495426285414,5472,1780307495425600348,,1780307487834352348,/move_base-8-1780307487.834352348,1,This goal has been accepted by the simple action server
1780307495622220072,5473,1780307495621726937,,1780307487834352348,/move_base-8-1780307487.834352348,1,This goal has been accepted by the simple action server
1780307495827890136,5474,1780307495821537611,,1780307487834352348,/move_base-8-1780307487.834352348,1,This goal has been accepted by the simple action server
1780307496022078301,5475,1780307496021593135,,1780307487834352348,/move_base-8-1780307487.834352348,1,This goal has been accepted by the simple action server
1780307496221893351,5476,1780307496221544333,,1780307487834352348,/move_base-8-1780307487.834352348,1,This goal has been accepted by the simple action server
1780307496421878404,5477,1780307496421544439,,1780307487834352348,/move_base-8-1780307487.834352348,1,This goal has been accepted by the simple action server
1780307496622025544,5478,1780307496621695172,,1780307487834352348,/move_base-8-1780307487.834352348,1,This goal has been accepted by the simple action server
1780307496823072545,5479,1780307496821679392,,1780307487834352348,/move_base-8-1780307487.834352348,1,This goal has been accepted by the simple action server
1780307497024421897,5480,1780307497023447294,,1780307487834352348,/move_base-8-1780307487.834352348,1,This goal has been accepted by the simple action server
1780307497222315033,5481,1780307497221901118,,1780307487834352348,/move_base-8-1780307487.834352348,1,This goal has been accepted by the simple action server
1780307497421938308,5482,1780307497421540695,,1780307487834352348,/move_base-8-1780307487.834352348,1,This goal has been accepted by the simple action server
1780307497622142688,5483,1780307497621591583,,1780307487834352348,/move_base-8-1780307487.834352348,1,This goal has been accepted by the simple action server
1780307497822776713,5484,1780307497821869715,,1780307487834352348,/move_base-8-1780307487.834352348,1,This goal has been accepted by the simple action server
1780307498025417445,5485,1780307498021556950,,1780307487834352348,/move_base-8-1780307487.834352348,1,This goal has been accepted by the simple action server
1780307498223119379,5486,1780307498221914146,,1780307487834352348,/move_base-8-1780307487.834352348,1,This goal has been accepted by the simple action server
1780307498422047952,5487,1780307498421615131,,1780307487834352348,/move_base-8-1780307487.834352348,1,This goal has been accepted by the simple action server
1780307498622146393,5488,1780307498621587684,,1780307487834352348,/move_base-8-1780307487.834352348,1,This goal has been accepted by the simple action server
1780307498821947640,5489,1780307498821564351,,1780307487834352348,/move_base-8-1780307487.834352348,1,This goal has been accepted by the simple action server
1780307499022810472,5490,1780307499021636229,,1780307487834352348,/move_base-8-1780307487.834352348,1,This goal has been accepted by the simple action server
1780307499241156471,5491,1780307499221548781,,1780307487834352348,/move_base-8-1780307487.834352348,1,This goal has been accepted by the simple action server
1780307499421960613,5492,1780307499421557845,,1780307487834352348,/move_base-8-1780307487.834352348,1,This goal has been accepted by the simple action server
1780307499621953115,5493,1780307499621554461,,1780307487834352348,/move_base-8-1780307487.834352348,1,This goal has been accepted by the simple action server
1780307499821868323,5494,1780307499821552431,,1780307487834352348,/move_base-8-1780307487.834352348,1,This goal has been accepted by the simple action server
1780307500024800259,5495,1780307500024469887,,1780307487834352348,/move_base-8-1780307487.834352348,1,This goal has been accepted by the simple action server
1780307500231206015,5496,1780307500221584778,,1780307487834352348,/move_base-8-1780307487.834352348,1,This goal has been accepted by the simple action server
1780307500422244793,5497,1780307500421677385,,1780307487834352348,/move_base-8-1780307487.834352348,1,This goal has been accepted by the simple action server
1780307500622661365,5498,1780307500621966768,,1780307487834352348,/move_base-8-1780307487.834352348,1,This goal has been accepted by the simple action server
1780307500823070177,5499,1780307500821873017,,1780307487834352348,/move_base-8-1780307487.834352348,1,This goal has been accepted by the simple action server
1780307501021906665,5500,1780307501021594888,,1780307487834352348,/move_base-8-1780307487.834352348,1,This goal has been accepted by the simple action server
1780307501222397405,5501,1780307501221927813,,1780307487834352348,/move_base-8-1780307487.834352348,1,This goal has been accepted by the simple action server
1780307501421956981,5502,1780307501421550723,,1780307487834352348,/move_base-8-1780307487.834352348,1,This goal has been accepted by the simple action server
1780307501621987244,5503,1780307501621651560,,1780307487834352348,/move_base-8-1780307487.834352348,1,This goal has been accepted by the simple action server
1780307501824099527,5504,1780307501821602237,,1780307487834352348,/move_base-8-1780307487.834352348,1,This goal has been accepted by the simple action server
1780307502024177916,5505,1780307502023159458,,1780307487834352348,/move_base-8-1780307487.834352348,1,This goal has been accepted by the simple action server
1780307502230971232,5506,1780307502226816825,,1780307487834352348,/move_base-8-1780307487.834352348,1,This goal has been accepted by the simple action server
1780307502422970394,5507,1780307502421587866,,1780307487834352348,/move_base-8-1780307487.834352348,1,This goal has been accepted by the simple action server
1780307502621884332,5508,1780307502621566669,,1780307487834352348,/move_base-8-1780307487.834352348,1,This goal has been accepted by the simple action server
1780307502825123513,5509,1780307502823077066,,1780307487834352348,/move_base-8-1780307487.834352348,1,This goal has been accepted by the simple action server
1780307503021988086,5510,1780307503021578078,,1780307487834352348,/move_base-8-1780307487.834352348,1,This goal has been accepted by the simple action server
1780307503222011317,5511,1780307503221710582,,1780307487834352348,/move_base-8-1780307487.834352348,1,This goal has been accepted by the simple action server
1780307503421865743,5512,1780307503421547612,,1780307487834352348,/move_base-8-1780307487.834352348,1,This goal has been accepted by the simple action server
1780307503622134291,5513,1780307503621554644,,1780307487834352348,/move_base-8-1780307487.834352348,1,This goal has been accepted by the simple action server
1780307503824811951,5514,1780307503821687305,,1780307487834352348,/move_base-8-1780307487.834352348,1,This goal has been accepted by the simple action server
1780307504021891946,5515,1780307504021549178,,1780307487834352348,/move_base-8-1780307487.834352348,1,This goal has been accepted by the simple action server
1780307504224077356,5516,1780307504223594638,,1780307487834352348,/move_base-8-1780307487.834352348,1,This goal has been accepted by the simple action server
1780307504422102942,5517,1780307504421541264,,1780307487834352348,/move_base-8-1780307487.834352348,1,This goal has been accepted by the simple action server
1780307504547216891,5518,1780307504546732558,,1780307487834352348,/move_base-8-1780307487.834352348,2,This goal was canceled because another goal was recieved by the simple action server,1780307504426031043,/move_base-9-1780307504.426031043,0,
1780307504547759454,5519,1780307504546770371,,1780307487834352348,/move_base-8-1780307487.834352348,2,This goal was canceled because another goal was recieved by the simple action server,1780307504426031043,/move_base-9-1780307504.426031043,1,This goal has been accepted by the simple action server
1780307504621870126,5520,1780307504621569547,,1780307487834352348,/move_base-8-1780307487.834352348,2,This goal was canceled because another goal was recieved by the simple action server,1780307504426031043,/move_base-9-1780307504.426031043,1,This goal has been accepted by the simple action server
1780307504821882836,5521,1780307504821558194,,1780307487834352348,/move_base-8-1780307487.834352348,2,This goal was canceled because another goal was recieved by the simple action server,1780307504426031043,/move_base-9-1780307504.426031043,1,This goal has been accepted by the simple action server
1780307505023339326,5522,1780307505021994350,,1780307487834352348,/move_base-8-1780307487.834352348,2,This goal was canceled because another goal was recieved by the simple action server,1780307504426031043,/move_base-9-1780307504.426031043,1,This goal has been accepted by the simple action server
1780307505224286377,5523,1780307505223835952,,1780307487834352348,/move_base-8-1780307487.834352348,2,This goal was canceled because another goal was recieved by the simple action server,1780307504426031043,/move_base-9-1780307504.426031043,1,This goal has been accepted by the simple action server
1780307505421960967,5524,1780307505421531479,,1780307487834352348,/move_base-8-1780307487.834352348,2,This goal was canceled because another goal was recieved by the simple action server,1780307504426031043,/move_base-9-1780307504.426031043,1,This goal has been accepted by the simple action server
1780307505621913207,5525,1780307505621543199,,1780307487834352348,/move_base-8-1780307487.834352348,2,This goal was canceled because another goal was recieved by the simple action server,1780307504426031043,/move_base-9-1780307504.426031043,1,This goal has been accepted by the simple action server
1780307505822615827,5526,1780307505821559347,,1780307487834352348,/move_base-8-1780307487.834352348,2,This goal was canceled because another goal was recieved by the simple action server,1780307504426031043,/move_base-9-1780307504.426031043,1,This goal has been accepted by the simple action server
1780307506021948575,5527,1780307506021544817,,1780307487834352348,/move_base-8-1780307487.834352348,2,This goal was canceled because another goal was recieved by the simple action server,1780307504426031043,/move_base-9-1780307504.426031043,1,This goal has been accepted by the simple action server
1780307506221793990,5528,1780307506221534037,,1780307487834352348,/move_base-8-1780307487.834352348,2,This goal was canceled because another goal was recieved by the simple action server,1780307504426031043,/move_base-9-1780307504.426031043,1,This goal has been accepted by the simple action server
1780307506422521975,5529,1780307506421652426,,1780307487834352348,/move_base-8-1780307487.834352348,2,This goal was canceled because another goal was recieved by the simple action server,1780307504426031043,/move_base-9-1780307504.426031043,1,This goal has been accepted by the simple action server
1780307506622537341,5530,1780307506621563623,,1780307487834352348,/move_base-8-1780307487.834352348,2,This goal was canceled because another goal was recieved by the simple action server,1780307504426031043,/move_base-9-1780307504.426031043,1,This goal has been accepted by the simple action server
1780307506836206578,5531,1780307506832457075,,1780307487834352348,/move_base-8-1780307487.834352348,2,This goal was canceled because another goal was recieved by the simple action server,1780307504426031043,/move_base-9-1780307504.426031043,1,This goal has been accepted by the simple action server
1780307507025444538,5532,1780307507024024249,,1780307487834352348,/move_base-8-1780307487.834352348,2,This goal was canceled because another goal was recieved by the simple action server,1780307504426031043,/move_base-9-1780307504.426031043,1,This goal has been accepted by the simple action server
1780307507222208380,5533,1780307507221742850,,1780307487834352348,/move_base-8-1780307487.834352348,2,This goal was canceled because another goal was recieved by the simple action server,1780307504426031043,/move_base-9-1780307504.426031043,1,This goal has been accepted by the simple action server
1780307507422781310,5534,1780307507421550764,,1780307487834352348,/move_base-8-1780307487.834352348,2,This goal was canceled because another goal was recieved by the simple action server,1780307504426031043,/move_base-9-1780307504.426031043,1,This goal has been accepted by the simple action server
1780307507621905668,5535,1780307507621552276,,1780307487834352348,/move_base-8-1780307487.834352348,2,This goal was canceled because another goal was recieved by the simple action server,1780307504426031043,/move_base-9-1780307504.426031043,1,This goal has been accepted by the simple action server
1780307507822960222,5536,1780307507821555038,,1780307487834352348,/move_base-8-1780307487.834352348,2,This goal was canceled because another goal was recieved by the simple action server,1780307504426031043,/move_base-9-1780307504.426031043,1,This goal has been accepted by the simple action server
1780307508021925776,5537,1780307508021539674,,1780307487834352348,/move_base-8-1780307487.834352348,2,This goal was canceled because another goal was recieved by the simple action server,1780307504426031043,/move_base-9-1780307504.426031043,1,This goal has been accepted by the simple action server
1780307508229064099,5538,1780307508221666501,,1780307487834352348,/move_base-8-1780307487.834352348,2,This goal was canceled because another goal was recieved by the simple action server,1780307504426031043,/move_base-9-1780307504.426031043,1,This goal has been accepted by the simple action server
1780307508422664439,5539,1780307508421539677,,1780307487834352348,/move_base-8-1780307487.834352348,2,This goal was canceled because another goal was recieved by the simple action server,1780307504426031043,/move_base-9-1780307504.426031043,1,This goal has been accepted by the simple action server
1780307508625038603,5540,1780307508621567856,,1780307487834352348,/move_base-8-1780307487.834352348,2,This goal was canceled because another goal was recieved by the simple action server,1780307504426031043,/move_base-9-1780307504.426031043,1,This goal has been accepted by the simple action server
1780307508822414854,5541,1780307508821551919,,1780307487834352348,/move_base-8-1780307487.834352348,2,This goal was canceled because another goal was recieved by the simple action server,1780307504426031043,/move_base-9-1780307504.426031043,1,This goal has been accepted by the simple action server
1780307509021890990,5542,1780307509021562025,,1780307487834352348,/move_base-8-1780307487.834352348,2,This goal was canceled because another goal was recieved by the simple action server,1780307504426031043,/move_base-9-1780307504.426031043,1,This goal has been accepted by the simple action server
1780307509222728456,5543,1780307509221566922,,1780307487834352348,/move_base-8-1780307487.834352348,2,This goal was canceled because another goal was recieved by the simple action server,1780307504426031043,/move_base-9-1780307504.426031043,1,This goal has been accepted by the simple action server
1780307509421764167,5544,1780307509421521298,,1780307487834352348,/move_base-8-1780307487.834352348,2,This goal was canceled because another goal was recieved by the simple action server,1780307504426031043,/move_base-9-1780307504.426031043,1,This goal has been accepted by the simple action server
1780307509623157478,5545,1780307509621552654,,1780307487834352348,/move_base-8-1780307487.834352348,2,This goal was canceled because another goal was recieved by the simple action server,1780307504426031043,/move_base-9-1780307504.426031043,1,This goal has been accepted by the simple action server
1780307509821840995,5546,1780307509821545989,,1780307504426031043,/move_base-9-1780307504.426031043,1,This goal has been accepted by the simple action server
1780307510022384809,5547,1780307510021687034,,1780307504426031043,/move_base-9-1780307504.426031043,1,This goal has been accepted by the simple action server
1780307510222026522,5548,1780307510221556460,,1780307504426031043,/move_base-9-1780307504.426031043,1,This goal has been accepted by the simple action server
1780307510422165797,5549,1780307510421572660,,1780307504426031043,/move_base-9-1780307504.426031043,1,This goal has been accepted by the simple action server
1780307510622867844,5550,1780307510621562088,,1780307504426031043,/move_base-9-1780307504.426031043,1,This goal has been accepted by the simple action server
1780307510822156633,5551,1780307510821548183,,1780307504426031043,/move_base-9-1780307504.426031043,1,This goal has been accepted by the simple action server
1780307511021923869,5552,1780307511021546778,,1780307504426031043,/move_base-9-1780307504.426031043,1,This goal has been accepted by the simple action server
1780307511221979132,5553,1780307511221608604,,1780307504426031043,/move_base-9-1780307504.426031043,1,This goal has been accepted by the simple action server
1780307511421825641,5554,1780307511421538656,,1780307504426031043,/move_base-9-1780307504.426031043,1,This goal has been accepted by the simple action server
1780307511622277682,5555,1780307511621641732,,1780307504426031043,/move_base-9-1780307504.426031043,1,This goal has been accepted by the simple action server
1780307511823651878,5556,1780307511821568919,,1780307504426031043,/move_base-9-1780307504.426031043,1,This goal has been accepted by the simple action server
1780307512021903146,5557,1780307512021567358,,1780307504426031043,/move_base-9-1780307504.426031043,1,This goal has been accepted by the simple action server
1780307512222127944,5558,1780307512221524130,,1780307504426031043,/move_base-9-1780307504.426031043,1,This goal has been accepted by the simple action server
1780307512422001380,5559,1780307512421548715,,1780307504426031043,/move_base-9-1780307504.426031043,1,This goal has been accepted by the simple action server
1780307512621856639,5560,1780307512621580748,,1780307504426031043,/move_base-9-1780307504.426031043,1,This goal has been accepted by the simple action server
1780307512821888099,5561,1780307512821586479,,1780307504426031043,/move_base-9-1780307504.426031043,1,This goal has been accepted by the simple action server
1780307513025117698,5562,1780307513021552052,,1780307504426031043,/move_base-9-1780307504.426031043,1,This goal has been accepted by the simple action server
1780307513222436394,5563,1780307513221562418,,1780307504426031043,/move_base-9-1780307504.426031043,1,This goal has been accepted by the simple action server
1780307513421959980,5564,1780307513421551847,,1780307504426031043,/move_base-9-1780307504.426031043,1,This goal has been accepted by the simple action server
1780307513622023212,5565,1780307513621595078,,1780307504426031043,/move_base-9-1780307504.426031043,1,This goal has been accepted by the simple action server
1780307513828724756,5566,1780307513828375790,,1780307504426031043,/move_base-9-1780307504.426031043,1,This goal has been accepted by the simple action server
1780307514024461493,5567,1780307514021552944,,1780307504426031043,/move_base-9-1780307504.426031043,1,This goal has been accepted by the simple action server
1780307514226164342,5568,1780307514222783648,,1780307504426031043,/move_base-9-1780307504.426031043,1,This goal has been accepted by the simple action server
1780307514422465414,5569,1780307514421649668,,1780307504426031043,/move_base-9-1780307504.426031043,1,This goal has been accepted by the simple action server
1780307514622128794,5570,1780307514621632013,,1780307504426031043,/move_base-9-1780307504.426031043,1,This goal has been accepted by the simple action server
1780307514822081190,5571,1780307514821548262,,1780307504426031043,/move_base-9-1780307504.426031043,1,This goal has been accepted by the simple action server
1780307515025526417,5572,1780307515021558420,,1780307504426031043,/move_base-9-1780307504.426031043,1,This goal has been accepted by the simple action server
1780307515222407762,5573,1780307515221722227,,1780307504426031043,/move_base-9-1780307504.426031043,1,This goal has been accepted by the simple action server
1780307515421941608,5574,1780307515421567069,,1780307504426031043,/move_base-9-1780307504.426031043,1,This goal has been accepted by the simple action server
1780307515622075310,5575,1780307515621583789,,1780307504426031043,/move_base-9-1780307504.426031043,1,This goal has been accepted by the simple action server
1780307515823782273,5576,1780307515823402578,,1780307504426031043,/move_base-9-1780307504.426031043,1,This goal has been accepted by the simple action server
1780307516026395400,5577,1780307516022379225,,1780307504426031043,/move_base-9-1780307504.426031043,1,This goal has been accepted by the simple action server
1780307516222093960,5578,1780307516221593585,,1780307504426031043,/move_base-9-1780307504.426031043,1,This goal has been accepted by the simple action server
1780307516426473530,5579,1780307516421828852,,1780307504426031043,/move_base-9-1780307504.426031043,1,This goal has been accepted by the simple action server
1780307516622608869,5580,1780307516621993023,,1780307504426031043,/move_base-9-1780307504.426031043,1,This goal has been accepted by the simple action server
1780307516822083443,5581,1780307516821687758,,1780307504426031043,/move_base-9-1780307504.426031043,1,This goal has been accepted by the simple action server
1780307517033980145,5582,1780307517024034995,,1780307504426031043,/move_base-9-1780307504.426031043,1,This goal has been accepted by the simple action server
1780307517222105946,5583,1780307517221544164,,1780307504426031043,/move_base-9-1780307504.426031043,1,This goal has been accepted by the simple action server
1780307517424698136,5584,1780307517421641667,,1780307504426031043,/move_base-9-1780307504.426031043,1,This goal has been accepted by the simple action server
1780307517622126158,5585,1780307517621788443,,1780307504426031043,/move_base-9-1780307504.426031043,1,This goal has been accepted by the simple action server
1780307517828769575,5586,1780307517821579950,,1780307504426031043,/move_base-9-1780307504.426031043,1,This goal has been accepted by the simple action server
1780307518024410790,5587,1780307518023543950,,1780307504426031043,/move_base-9-1780307504.426031043,1,This goal has been accepted by the simple action server
1780307518227823049,5588,1780307518224158339,,1780307504426031043,/move_base-9-1780307504.426031043,1,This goal has been accepted by the simple action server
1780307518422306011,5589,1780307518421782302,,1780307504426031043,/move_base-9-1780307504.426031043,1,This goal has been accepted by the simple action server
1780307518623996880,5590,1780307518621557820,,1780307504426031043,/move_base-9-1780307504.426031043,1,This goal has been accepted by the simple action server
1780307518828660361,5591,1780307518824453036,,1780307504426031043,/move_base-9-1780307504.426031043,1,This goal has been accepted by the simple action server
1780307519021887465,5592,1780307519021536520,,1780307504426031043,/move_base-9-1780307504.426031043,1,This goal has been accepted by the simple action server
1780307519222025750,5593,1780307519221623815,,1780307504426031043,/move_base-9-1780307504.426031043,1,This goal has been accepted by the simple action server
1780307519423510886,5594,1780307519423021761,,1780307504426031043,/move_base-9-1780307504.426031043,1,This goal has been accepted by the simple action server
1780307519622632536,5595,1780307519621549389,,1780307504426031043,/move_base-9-1780307504.426031043,1,This goal has been accepted by the simple action server
1780307519821986743,5596,1780307519821539755,,1780307504426031043,/move_base-9-1780307504.426031043,1,This goal has been accepted by the simple action server
1780307520030908071,5597,1780307520021555902,,1780307504426031043,/move_base-9-1780307504.426031043,1,This goal has been accepted by the simple action server
1780307520224349710,5598,1780307520221543716,,1780307504426031043,/move_base-9-1780307504.426031043,1,This goal has been accepted by the simple action server
1780307520422035602,5599,1780307520421635386,,1780307504426031043,/move_base-9-1780307504.426031043,1,This goal has been accepted by the simple action server
1780307520623433340,5600,1780307520621556375,,1780307504426031043,/move_base-9-1780307504.426031043,1,This goal has been accepted by the simple action server
1780307520822243890,5601,1780307520821901331,,1780307504426031043,/move_base-9-1780307504.426031043,1,This goal has been accepted by the simple action server
1780307521021905187,5602,1780307521021553044,,1780307504426031043,/move_base-9-1780307504.426031043,1,This goal has been accepted by the simple action server
1780307521222995106,5603,1780307521222236966,,1780307504426031043,/move_base-9-1780307504.426031043,1,This goal has been accepted by the simple action server
1780307521421800969,5604,1780307521421539245,,1780307504426031043,/move_base-9-1780307504.426031043,1,This goal has been accepted by the simple action server
1780307521627787446,5605,1780307521627424366,,1780307504426031043,/move_base-9-1780307504.426031043,1,This goal has been accepted by the simple action server
1780307521822944068,5606,1780307521822313847,,1780307504426031043,/move_base-9-1780307504.426031043,1,This goal has been accepted by the simple action server
